,X,Y,OBJECTID,Shape_Leng,Shape_Area,zone,LocationID,borough,LAT,LONG
0,-8257322.018,4966652.597,1,0.116357453,0.000782307,Newark Airport,1,EWR,40.68951564,-74.17678575
1,-8218286.728,4957291.835,2,0.433469667,0.00486634,Jamaica Bay,2,Queens,40.62572423,-73.82612577
2,-8220886.389,4992580.187,3,0.084341106,0.000314414,Allerton/Pelham Gardens,3,Bronx,40.86588754,-73.84947892
3,-8235084.522,4971738.916,4,0.043566527,0.000111872,Alphabet City,4,Manhattan,40.72415214,-73.97702292
4,-8258785.193,4946241.476,5,0.09214649,0.000497957,Arden Heights,5,Staten Island,40.55034012,-74.18992967
5,-8245186.937,4953382.09,6,0.150490543,0.000606461,Arrochar/Fort Wadsworth,6,Staten Island,40.59906218,-74.06777446
6,-8228902.689,4977165.329,7,0.107417171,0.000389788,Astoria,7,Queens,40.76108473,-73.92149057
7,-8229093.25,4979740.882,8,0.027590691,2.66E-05,Astoria Park,8,Queens,40.77860696,-73.92320241
8,-8214044.841,4976184.541,9,0.099784092,0.000338444,Auburndale,9,Queens,40.75441093,-73.78802025
9,-8214450.624,4964980.432,10,0.099839479,0.000435824,Baisley Park,10,Queens,40.6781247,-73.79166546
10,-8238824.045,4954102.79,11,0.079211039,0.000264521,Bath Beach,11,Brooklyn,40.60397771,-74.01061563
11,-8239366.694,4968557.319,12,0.036661301,4.15E-05,Battery Park,12,Manhattan,40.70248841,-74.01549033
12,-8239436.752,4969897.121,13,0.050281323,0.000149359,Battery Park City,13,Manhattan,40.71161208,-74.01611967
13,-8241031.669,4956977.973,14,0.175213698,0.001381778,Bay Ridge,14,Brooklyn,40.62358428,-74.03044705
14,-8214039.368,4980713.02,15,0.144336223,0.000925219,Bay Terrace/Fort Totten,15,Queens,40.7852195,-73.78797109
15,-8212224.497,4977183.569,16,0.141291874,0.000871889,Bayside,16,Queens,40.76120884,-73.77166782
16,-8231985.207,4967016.466,17,0.093522633,0.000322958,Bedford,17,Brooklyn,40.69199409,-73.9491813
17,-8225054.533,4993003.448,18,0.06979955,0.00014885,Bedford Park,18,Bronx,40.86876288,-73.886922
18,-8207348.878,4973548.772,19,0.101824875,0.000546661,Bellerose,19,Queens,40.73647244,-73.72786939
19,-8224955.775,4991385.811,20,0.051440192,0.000134513,Belmont,20,Bronx,40.85777312,-73.88603484
20,-8235560.725,4953820,21,0.115973569,0.000380251,Bensonhurst East,21,Brooklyn,40.60204898,-73.98130073
21,-8237007.465,4954931.187,22,0.126170229,0.000472063,Bensonhurst West,22,Brooklyn,40.60962734,-73.99429701
22,-8255391.464,4954619.869,23,0.290556029,0.002195566,Bloomfield/Emerson Hill,23,Staten Island,40.60750422,-74.15944329
23,-8233809.425,4983185.249,24,0.046999962,6.07E-05,Bloomingdale,24,Manhattan,40.80203277,-73.96556853
24,-8236134.94,4966079.898,25,0.04714582,0.000124168,Boerum Hill,25,Brooklyn,40.68561459,-73.98645899
25,-8236480.188,4957715.428,26,0.123547807,0.00053404,Borough Park,26,Brooklyn,40.62861224,-73.9895604
26,-8227599.208,4947502.959,27,0.202508809,0.001340888,Breezy Point/Fort Tilden/Riis Beach,27,Queens,40.55895009,-73.9097812
27,-8216194.29,4969785.611,28,0.097960782,0.000291204,Briarwood/Jamaica Hills,28,Queens,40.71085278,-73.80732908
28,-8233254.087,4950909.559,29,0.071408313,0.000201674,Brighton Beach,29,Brooklyn,40.58219554,-73.96057984
29,-8217615.669,4954233.941,30,0.094509767,0.000145862,Broad Channel,30,Queens,40.60487218,-73.82009754
30,-8223807.76,4991701.877,31,0.096424567,0.000333976,Bronx Park,31,Bronx,40.85992052,-73.87572204
31,-8222572.347,4992368.833,32,0.054267216,0.000150879,Bronxdale,32,Bronx,40.86445171,-73.86462414
32,-8237122.323,4967639.606,33,0.053270293,0.000147417,Brooklyn Heights,33,Brooklyn,40.69623832,-73.9953288
33,-8234046.584,4968567.69,34,0.065705932,0.000173946,Brooklyn Navy Yard,34,Brooklyn,40.70255904,-73.96769897
34,-8227899.803,4962879.444,35,0.085787919,0.000323825,Brownsville,35,Brooklyn,40.66380982,-73.91248149
35,-8228354.263,4968057.54,36,0.087050787,0.000247666,Bushwick North,36,Brooklyn,40.69908474,-73.91656398
36,-8229398.928,4967643.883,37,0.14281004,0.000452063,Bushwick South,37,Brooklyn,40.69626745,-73.92594836
37,-8208203.83,4967207.545,38,0.083217569,0.000327393,Cambria Heights,38,Queens,40.69329557,-73.73554956
38,-8226485.197,4959221.425,39,0.132369621,0.000900283,Canarsie,39,Brooklyn,40.63887893,-73.89977387
39,-8237176.79,4965036.14,40,0.051850665,0.000108949,Carroll Gardens,40,Brooklyn,40.67850422,-73.99581808
40,-8232306.256,4983504.675,41,0.052793109,0.000143093,Central Harlem,41,Manhattan,40.80420483,-73.95206533
41,-8230909.323,4985981.747,42,0.092709227,0.000263897,Central Harlem North,42,Manhattan,40.82104622,-73.93951647
42,-8233809.831,4980307.284,43,0.099738618,0.000379663,Central Park,43,Manhattan,40.78245974,-73.96557218
43,-8263195.323,4942866.3,44,0.235688968,0.001944656,Charleston/Tottenville,44,Staten Island,40.52729817,-74.22954654
44,-8237447.801,4970109.444,45,0.045906863,9.14E-05,Chinatown,45,Manhattan,40.71305783,-73.99825262
45,-8213874.084,4989873.889,46,0.13447543,0.000926392,City Island,46,Bronx,40.8474999,-73.78648631
46,-8226168.524,4989617.105,47,0.089827556,0.000163198,Claremont/Bathgate,47,Bronx,40.84575494,-73.89692915
47,-8236513.166,4977334.642,48,0.043746744,9.43E-05,Clinton East,48,Manhattan,40.76223675,-73.98985665
48,-8233738.76,4966505.822,49,0.075290018,0.000203186,Clinton Hill,49,Brooklyn,40.68851588,-73.96493374
49,-8236963.203,4977989.51,50,0.055747987,0.000173249,Clinton West,50,Manhattan,40.76669237,-73.9938994
50,-8218765.164,4993783.48,51,0.095361344,0.000395757,Co-Op City,51,Bronx,40.87406155,-73.83042363
51,-8237299.73,4966225.226,52,0.028907671,4.52E-05,Cobble Hill,52,Brooklyn,40.68660454,-73.99692247
52,-8220284.309,4980237.925,53,0.161500913,0.000947531,College Point,53,Queens,40.78198796,-73.84407035
53,-8237986.607,4966281.982,54,0.076219245,0.000132452,Columbia Street,54,Brooklyn,40.68699115,-74.00309279
54,-8236581.905,4950133.342,55,0.149956808,0.000736275,Coney Island,55,Brooklyn,40.57689962,-73.99047414
55,-8221952.21,4974301.907,56,0.056847813,0.000180908,Corona,56,Queens,40.74159861,-73.85905336
56,-8221321.153,4975876.695,57,0.019270505,1.80E-05,Corona,56,Queens,40.75231604,-73.85338447
57,-8217683.333,4988987.38,58,0.059855409,0.000204981,Country Club,58,Bronx,40.8414755,-73.82070538
58,-8225739.419,4988602.525,59,0.037794807,6.29E-05,Crotona Park,59,Bronx,40.83885999,-73.89307443
59,-8225372.93,4987489.341,60,0.078648288,0.000161833,Crotona Park East,60,Bronx,40.83129412,-73.88978221
60,-8231105.864,4964351.938,61,0.117310808,0.000510772,Crown Heights North,61,Brooklyn,40.67384284,-73.94128203
61,-8231995.077,4963360.769,62,0.082259336,0.000158238,Crown Heights South,62,Brooklyn,40.66708956,-73.94926996
62,-8224025.321,4965961.813,63,0.119100722,0.000353191,Cypress Hills,63,Brooklyn,40.6848102,-73.87767643
63,-8207741.031,4977098.686,64,0.184451885,0.001057903,Douglaston,64,Queens,40.76063127,-73.73139216
64,-8236036.097,4967512.498,65,0.044607068,8.18E-05,Downtown Brooklyn/MetroTech,65,Brooklyn,40.69537261,-73.98557106
65,-8236126.453,4968446.318,66,0.054633459,0.000108379,DUMBO/Vinegar Hill,66,Brooklyn,40.70173247,-73.98638275
66,-8239282.708,4956225.627,67,0.099747078,0.000394282,Dyker Heights,67,Brooklyn,40.61845441,-74.01473587
67,-8237635.657,4975300.846,68,0.04933738,0.000111073,East Chelsea,68,Manhattan,40.74839722,-73.99994016
68,-8228220.929,4987388.35,69,0.078989645,0.000199052,East Concourse/Concourse Village,69,Bronx,40.83060768,-73.91536622
69,-8222992.998,4977586.122,70,0.063840318,0.000195458,East Elmhurst,70,Queens,40.76394782,-73.86840291
70,-8230710.957,4959962.222,71,0.093169455,0.000382573,East Flatbush/Farragut,71,Brooklyn,40.64392852,-73.93773452
71,-8228760.143,4961214.049,72,0.09520207,0.000323532,East Flatbush/Remsen Village,72,Brooklyn,40.65246063,-73.92021006
72,-8216111.385,4976079.699,73,0.085302021,0.0002918,East Flushing,73,Queens,40.75369749,-73.80658433
73,-8230775.075,4983704.792,74,0.110290936,0.000295038,East Harlem North,74,Manhattan,40.80556557,-73.9383105
74,-8231514.923,4981511.478,75,0.0876639,0.000240564,East Harlem South,75,Manhattan,40.79065016,-73.94495667
75,-8224107.802,4962127.577,76,0.241203016,0.001266601,East New York,76,Brooklyn,40.6586863,-73.87841737
76,-8226033.606,4963450.633,77,0.075461081,0.000191918,East New York/Pennsylvania Avenue,77,Brooklyn,40.66770187,-73.89571716
77,-8225023.764,4989657.622,78,0.09359445,0.000191114,East Tremont,78,Bronx,40.84603027,-73.88664559
78,-8235996.363,4972295.946,79,0.042624911,0.000107893,East Village,79,Manhattan,40.72794428,-73.98521413
79,-8231222.447,4970316.779,80,0.117212621,0.000407322,East Williamsburg,80,Brooklyn,40.71446958,-73.94232931
80,-8220447.083,4994268.914,81,0.197592772,0.000399567,Eastchester,81,Bronx,40.87735883,-73.84553257
81,-8223431.719,4973841.352,82,0.11987565,0.000323601,Elmhurst,82,Queens,40.73846392,-73.87234401
82,-8225310.549,4974088.426,83,0.105984933,0.000217464,Elmhurst/Maspeth,83,Queens,40.74014561,-73.88922183
83,-8257004.933,4943557.447,84,0.233623987,0.002073756,Eltingville/Annadale/Prince's Bay,84,Staten Island,40.5320172,-74.17393732
84,-8232322.231,4960450.258,85,0.057475147,0.000143638,Erasmus,85,Brooklyn,40.64725497,-73.95220884
85,-8210278.511,4953894.034,86,0.134245283,0.000623279,Far Rockaway,86,Queens,40.60255392,-73.75418673
86,-8238511.96,4969169.834,87,0.03690155,6.72E-05,Financial District North,87,Manhattan,40.70665962,-74.00781212
87,-8238901.094,4968690.266,88,0.035204604,5.73E-05,Financial District South,88,Manhattan,40.7033938,-74.01130777
88,-8233489.404,4959530.055,89,0.12279457,0.000447548,Flatbush/Ditmas Park,89,Brooklyn,40.64098273,-73.96269373
89,-8237283.593,4974441.127,90,0.030759162,5.53E-05,Flatiron,90,Manhattan,40.74254616,-73.99677751
90,-8230133.106,4957536.155,91,0.124996625,0.00053733,Flatlands,91,Brooklyn,40.62738999,-73.93254359
91,-8218767.779,4977612.498,92,0.117830067,0.000374947,Flushing,92,Queens,40.76412728,-73.83044713
92,-8220041.901,4973954.588,93,0.170998028,0.000594278,Flushing Meadows-Corona Park,93,Queens,40.73923465,-73.84189276
93,-8226576.161,4991457.585,94,0.049832608,6.26E-05,Fordham South,94,Bronx,40.85826077,-73.90059101
94,-8220746.239,4971638.024,95,0.113629605,0.00057277,Forest Hills,95,Queens,40.72346527,-73.84821993
95,-8223840.062,4967569.521,96,0.185180248,0.000547566,Forest Park/Highland Park,96,Queens,40.69576099,-73.87601222
96,-8234923.516,4966814.091,97,0.062476015,0.000163304,Fort Greene,97,Brooklyn,40.69061565,-73.97557658
97,-8213101.963,4973162.216,98,0.121661018,0.000485773,Fresh Meadows,98,Queens,40.73384122,-73.77955023
98,-8258537.292,4950531.756,99,0.183371489,0.001210165,Freshkills Park,99,Staten Island,40.57961795,-74.18770274
99,-8236393.97,4976052.749,100,0.024813109,3.75E-05,Garment District,100,Manhattan,40.75351409,-73.98878589
100,-8205256.205,4974613.859,101,0.101709836,0.000452343,Glen Oaks,101,Queens,40.74372178,-73.70907059
101,-8224506.477,4968585.358,102,0.136900485,0.000296595,Glendale,102,Queens,40.70267936,-73.88199873
102,-8242671.89,4966703.236,103,0.014305517,6.33E-06,Governor's Island/Ellis Island/Liberty Island,103,Manhattan,40.68986057,-74.04518141
103,-8241998.347,4967997.126,104,0.021220833,1.19E-05,Governor's Island/Ellis Island/Liberty Island,104,Manhattan,40.69867329,-74.03913087
104,-8239734.498,4966450.321,105,0.07742534,0.000368636,Governor's Island/Ellis Island/Liberty Island,105,Manhattan,40.68813783,-74.01879437
105,-8236725.444,4964281.24,106,0.049211012,0.000113617,Gowanus,106,Brooklyn,40.67336117,-73.99176357
106,-8235784.436,4973677.46,107,0.038041365,7.46E-05,Gramercy,107,Manhattan,40.73734838,-73.98331036
107,-8235457.802,4951923.145,108,0.111171412,0.000352866,Gravesend,108,Brooklyn,40.58911034,-73.98037615
108,-8254642.44,4946020.343,109,0.17826782,0.001169601,Great Kills,109,Staten Island,40.54883071,-74.15271469
109,-8251651.477,4945205.361,110,0.103946293,0.000525745,Great Kills Park,110,Staten Island,40.54326752,-74.12584641
110,-8236639.208,4961163.453,111,0.05993088,0.000208683,Green-Wood Cemetery,111,Brooklyn,40.6521158,-73.9909889
111,-8231906.27,4972426.106,112,0.107267876,0.000462069,Greenpoint,112,Brooklyn,40.72883034,-73.9484722
112,-8237044.335,4972963.119,113,0.032745351,5.80E-05,Greenwich Village North,113,Manhattan,40.73248595,-73.99462822
113,-8237495.148,4972393.992,114,0.031727035,4.70E-05,Greenwich Village South,114,Manhattan,40.72861173,-73.99867794
114,-8247937.825,4956471.003,115,0.116169414,0.000373169,Grymes Hill/Clifton,115,Staten Island,40.62012755,-74.09248611
115,-8231783.3,4986936.339,116,0.068116484,0.000260415,Hamilton Heights,116,Manhattan,40.82753526,-73.94736754
116,-8212716.115,4952941.335,117,0.169885858,0.000904294,Hammels/Arverne,117,Queens,40.59605583,-73.7760841
117,-8252900.896,4951413.131,118,0.243966218,0.001826939,Heartland Village/Todt Hill,118,Staten Island,40.58563106,-74.13707013
118,-8229512.234,4988289.126,119,0.083507036,0.000185779,Highbridge,119,Bronx,40.83673003,-73.92696621
119,-8229939.773,4989653.766,120,0.08326127,9.31E-05,Highbridge Park,120,Manhattan,40.84600407,-73.93080685
120,-8215343.723,4972208.238,121,0.096915337,0.000384563,Hillcrest/Pomonok,121,Queens,40.72734719,-73.79968831
121,-8211099.765,4969817.286,122,0.066531844,0.000226597,Hollis,122,Queens,40.71106846,-73.76156418
122,-8233768.212,4953549.614,123,0.083421139,0.000296445,Homecrest,123,Brooklyn,40.6002048,-73.96519831
123,-8220944.956,4962256.779,124,0.12772441,0.000754838,Howard Beach,124,Queens,40.65956677,-73.85000504
124,-8238441.113,4971918.736,125,0.049732212,7.64E-05,Hudson Sq,125,Manhattan,40.72537634,-74.00717569
125,-8224838.047,4984933.263,126,0.129948726,0.000703274,Hunts Point,126,Bronx,40.81391819,-73.88497727
126,-8228772.991,4992458.768,127,0.060018886,0.000163196,Inwood,127,Manhattan,40.86506268,-73.92032547
127,-8229341.456,4993507.605,128,0.070209029,0.000207406,Inwood Hill Park,128,Manhattan,40.87218761,-73.92543208
128,-8225108.454,4976867.391,129,0.093272727,0.000473988,Jackson Heights,129,Queens,40.75905747,-73.88740638
129,-8215417.107,4968672.657,130,0.142028321,0.000468323,Jamaica,130,Queens,40.70327388,-73.80034753
130,-8212191.844,4971189.602,131,0.116547121,0.000423696,Jamaica Estates,131,Queens,40.72041233,-73.7713745
131,-8212958.742,4959767.98,132,0.245478517,0.002038301,JFK Airport,132,Queens,40.64260452,-73.77826366
132,-8234785.437,4959295.988,133,0.065134863,0.000157189,Kensington,133,Brooklyn,40.6393872,-73.9743362
133,-8218717.193,4969476.834,134,0.069587822,0.000202375,Kew Gardens,134,Queens,40.70875018,-73.8299927
134,-8218048.476,4972511.251,135,0.121793046,0.000467912,Kew Gardens Hills,135,Queens,40.72940997,-73.82398552
135,-8227147.113,4992420.503,136,0.090628715,0.000148525,Kingsbridge Heights,136,Bronx,40.86480273,-73.90571996
136,-8235095.259,4974119.813,137,0.046107624,0.000116455,Kips Bay,137,Manhattan,40.74035924,-73.97711937
137,-8223482.893,4979191.154,138,0.107466934,0.000536797,LaGuardia Airport,138,Queens,40.77486739,-73.87280371
138,-8209069.175,4964925.338,139,0.093299788,0.00044667,Laurelton,139,Queens,40.67774937,-73.74332308
139,-8232584.856,4977815.258,140,0.047584291,0.000114204,Lenox Hill East,140,Manhattan,40.76550682,-73.95456804
140,-8233157.555,4978011.034,141,0.041514464,7.67E-05,Lenox Hill West,141,Manhattan,40.76683881,-73.95971268
141,-8235566.479,4979049.829,142,0.038175894,7.57E-05,Lincoln Square East,142,Manhattan,40.77390598,-73.98135241
142,-8236303.475,4979323.868,143,0.054179854,0.000151094,Lincoln Square West,143,Manhattan,40.77577021,-73.98797296
143,-8237353.632,4971214.443,144,0.027620167,4.75E-05,Little Italy/NoLiTa,144,Manhattan,40.72058145,-73.99740668
144,-8231931.539,4975035.291,145,0.114313845,0.000346642,Long Island City/Hunters Point,145,Queens,40.74658997,-73.94869919
145,-8230254.5,4976201.877,146,0.047140522,0.000104639,Long Island City/Queens Plaza,146,Queens,40.7545289,-73.9336341
146,-8226309.208,4985709.954,147,0.058765495,0.000106418,Longwood,147,Bronx,40.81919853,-73.89819293
147,-8236609.092,4971013.254,148,0.039130502,6.97E-05,Lower East Side,148,Manhattan,40.71921168,-73.99071837
148,-8231906.494,4954481.124,149,0.083680582,0.00027064,Madison,149,Brooklyn,40.60655799,-73.94847421
149,-8231284.224,4950626.202,150,0.089331491,0.000332568,Manhattan Beach,150,Brooklyn,40.58026232,-73.94288426
150,-8234058.765,4982572.547,151,0.054889941,0.000128849,Manhattan Valley,151,Manhattan,40.79786627,-73.96780839
151,-8232557.787,4985471.464,152,0.057909477,0.000146638,Manhattanville,152,Manhattan,40.8175772,-73.95432487
152,-8227741.85,4994010.032,153,0.024737239,3.25E-05,Marble Hill,153,Manhattan,40.87560041,-73.91106258
153,-8226078.818,4952510.742,154,0.227331571,0.001789687,Marine Park/Floyd Bennett Field,154,Brooklyn,40.59311867,-73.89612331
154,-8227263.929,4956127.975,155,0.169808473,0.000868261,Marine Park/Mill Basin,155,Brooklyn,40.61778854,-73.90676934
155,-8255994.373,4957735.396,156,0.14447689,0.001052122,Mariners Harbor,156,Staten Island,40.62874838,-74.16485931
156,-8226724.737,4971722.349,157,0.131300218,0.00035437,Maspeth,157,Queens,40.72403935,-73.90192569
157,-8238575.817,4973368.896,158,0.054809991,0.000185568,Meatpacking/West Village West,158,Manhattan,40.73524807,-74.00838576
158,-8228022.421,4985571.821,159,0.064363233,0.000171249,Melrose South,159,Bronx,40.81825946,-73.91358299
159,-8224363.267,4970909.287,160,0.141519143,0.000571235,Middle Village,160,Queens,40.71850382,-73.88071225
160,-8235130.042,4976745.266,161,0.03580391,7.19E-05,Midtown Center,161,Manhattan,40.75822648,-73.97743183
161,-8234541.568,4976538.004,162,0.035269815,4.79E-05,Midtown East,162,Manhattan,40.75681615,-73.97214548
162,-8235234.143,4977656.322,163,0.034176867,4.09E-05,Midtown North,163,Manhattan,40.76442545,-73.97836699
163,-8236075.921,4975361.157,164,0.035771612,5.56E-05,Midtown South,164,Manhattan,40.74880767,-73.98592881
164,-8232588.742,4956592.899,165,0.088608036,0.000353959,Midwood,165,Brooklyn,40.6209587,-73.95460295
165,-8233391.613,4984293.763,166,0.068823754,0.000255276,Morningside Heights,166,Manhattan,40.80957023,-73.96181526
166,-8227004.917,4987002.95,167,0.090815974,0.000167529,Morrisania/Melrose,167,Bronx,40.82798804,-73.90444259
167,-8228409.261,4983980.394,168,0.114517434,0.000547058,Mott Haven/Port Morris,168,Bronx,40.80743953,-73.91705803
168,-8227069.356,4990111.544,169,0.060104658,0.000146028,Mount Hope,169,Bronx,40.84911482,-73.90502146
169,-8235075.513,4975191.678,170,0.045769009,7.43E-05,Murray Hill,170,Manhattan,40.74765428,-73.97694199
170,-8216367.017,4978320.413,171,0.107353876,0.0005201,Murray Hill-Queens,171,Queens,40.76894367,-73.80888071
171,-8249211.364,4949483.474,172,0.118476116,0.000658403,New Dorp/Midland Beach,172,Staten Island,40.57246542,-74.1039265
172,-8222400.866,4975797.813,173,0.060063966,0.00017833,North Corona,173,Queens,40.75177924,-73.8630837
173,-8224034.687,4994194.383,174,0.067817756,0.000155929,Norwood,174,Bronx,40.87685259,-73.87776056
174,-8210631.398,4974548.045,175,0.134897665,0.000504921,Oakland Gardens,175,Queens,40.74327385,-73.75735677
175,-8250957.514,4947958.734,176,0.151995191,0.000657782,Oakwood,176,Staten Island,40.56206061,-74.11961243
176,-8227746.661,4964829.818,177,0.071580541,0.000198895,Ocean Hill,177,Brooklyn,40.67709861,-73.91110579
177,-8234379.409,4956105.192,178,0.068252877,0.000175805,Ocean Parkway South,178,Brooklyn,40.61763318,-73.97068878
178,-8229495.108,4978685.19,179,0.071380864,0.000183893,Old Astoria,179,Queens,40.77142534,-73.92681236
179,-8220873.635,4964545.832,180,0.080527767,0.000247682,Ozone Park,180,Queens,40.67516385,-73.84936435
180,-8235309.607,4964084.266,181,0.08953724,0.00030689,Park Slope,181,Brooklyn,40.67201914,-73.97904489
181,-8221828.452,4988388.345,182,0.039360637,9.11E-05,Parkchester,182,Bronx,40.83740436,-73.85794162
182,-8218924.397,4990178.33,183,0.039826296,9.52E-05,Pelham Bay,183,Bronx,40.84956864,-73.83185405
183,-8215891.697,4992417.955,184,0.260815683,0.001988834,Pelham Bay Park,184,Bronx,40.86478542,-73.80461084
184,-8221521.078,4990752.732,185,0.086161968,0.000228537,Pelham Parkway,185,Bronx,40.85347166,-73.85518043
185,-8236802.45,4975312.474,186,0.02469639,3.71E-05,Penn Station/Madison Sq West,186,Manhattan,40.74847636,-73.99245533
186,-8253355.341,4957252.159,187,0.126868431,0.000421196,Port Richmond,187,Staten Island,40.62545372,-74.14115248
187,-8231542.028,4961962.311,188,0.097798397,0.000313003,Prospect-Lefferts Gardens,188,Brooklyn,40.65756006,-73.94520016
188,-8234110.11,4964842.129,189,0.048674331,0.000101428,Prospect Heights,189,Brooklyn,40.67718248,-73.96826963
189,-8234408.496,4962409.512,190,0.074329466,0.000270874,Prospect Park,190,Brooklyn,40.66060757,-73.97095008
190,-8208823.976,4970288.688,191,0.130932638,0.000688461,Queens Village,191,Queens,40.71427831,-73.74112042
191,-8217069.646,4974715.126,192,0.11196462,0.000373808,Queensboro Hill,192,Queens,40.744411,-73.81519254
192,-8230995.02,4977259.345,193,0.065529958,0.000145592,Queensbridge/Ravenswood,193,Queens,40.76172443,-73.9402863
193,-8228851.311,4981626.576,194,0.081793835,0.000273482,Randalls Island,194,Manhattan,40.79143296,-73.92102903
194,-8238705.343,4964589.547,195,0.131308244,0.000801652,Red Hook,195,Brooklyn,40.67546168,-74.00954931
195,-8222504.005,4971664.844,196,0.083242111,0.000197471,Rego Park,196,Queens,40.72364786,-73.86401021
196,-8218611.535,4967164.219,197,0.108568532,0.000504689,Richmond Hill,197,Queens,40.69300047,-73.82904356
197,-8226732.313,4968855.865,198,0.134094243,0.00049981,Ridgewood,198,Queens,40.70452153,-73.90199375
198,-8224677.65,4981716.707,199,0.077808501,0.000288748,Rikers Island,199,Bronx,40.79204594,-73.8835364
199,-8227229.561,4997582.183,200,0.112661735,0.000744643,Riverdale/North Riverdale/Fieldston,200,Bronx,40.89985962,-73.90646061
200,-8220637.874,4950216.751,201,0.130404118,0.000619351,Rockaway Park,201,Queens,40.57746872,-73.84724647
201,-8232122.039,4977177.555,202,0.069921571,0.000106175,Roosevelt Island,202,Manhattan,40.76116792,-73.95041048
202,-8208333.991,4962247.242,203,0.189937816,0.00061513,Rosedale,203,Queens,40.65950178,-73.73671881
203,-8260682.442,4944835.507,204,0.101912418,0.000641384,Rossville/Woodrow,204,Staten Island,40.54074269,-74.20697295
204,-8211216.814,4967049.481,205,0.141953388,0.000766217,Saint Albans,205,Queens,40.69221897,-73.76261565
205,-8251352.845,4958793.142,206,0.212756793,0.000944393,Saint George/New Brighton,206,Staten Island,40.6359594,-74.12316375
206,-8226435.231,4977521.973,207,0.028375683,4.47E-05,Saint Michaels Cemetery/Woodside,207,Queens,40.76351136,-73.89932502
207,-8218148.755,4986517.198,208,0.21472101,0.002020326,Schuylerville/Edgewater Park,208,Bronx,40.82468614,-73.82488634
208,-8237905.002,4969438.58,209,0.030695311,3.89E-05,Seaport,209,Manhattan,40.70848969,-74.00235972
209,-8231445.836,4952604.996,210,0.114851983,0.000453155,Sheepshead Bay,210,Brooklyn,40.59376161,-73.94433605
210,-8237795.353,4971701.743,211,0.025234508,3.97E-05,SoHo,211,Manhattan,40.72389907,-74.00137473
211,-8223159.868,4987045.459,212,0.067129065,0.000161276,Soundview/Bruckner,212,Bronx,40.82827698,-73.86990193
212,-8222145.648,4985311.658,213,0.159958784,0.000904078,Soundview/Castle Hill,213,Bronx,40.81649076,-73.86079104
213,-8247203.043,4951557.956,214,0.135300314,0.000811977,South Beach/Dongan Hills,214,Staten Island,40.58661906,-74.08588545
214,-8214306.14,4967338.909,215,0.103556454,0.000395647,South Jamaica,215,Queens,40.6941903,-73.79036754
215,-8217661.947,4964825.799,216,0.116797555,0.000816077,South Ozone Park,216,Queens,40.67707123,-73.82051327
216,-8232838.412,4968669.093,217,0.055390525,0.000114733,South Williamsburg,217,Brooklyn,40.70324961,-73.95684577
217,-8212274.419,4964319.234,218,0.083700828,0.000281294,Springfield Gardens North,218,Queens,40.67362003,-73.77211628
218,-8211037.847,4962353.884,219,0.15512667,0.000428176,Springfield Gardens South,219,Queens,40.66022849,-73.76100796
219,-8227832.541,4994937.654,220,0.106015943,0.000313036,Spuyten Duyvil/Kingsbridge,220,Bronx,40.88190094,-73.91187727
220,-8246696.463,4956485.145,221,0.166218221,0.000890112,Stapleton,221,Staten Island,40.62022397,-74.08133476
221,-8224521.927,4960394.057,222,0.048389353,0.000130268,Starrett City,222,Brooklyn,40.64687191,-73.88213752
222,-8227253.074,4979680.075,223,0.166021925,0.000764361,Steinway,223,Queens,40.77819333,-73.90667183
223,-8235175.71,4972851.796,224,0.044020446,9.85E-05,Stuy Town/Peter Cooper Village,224,Manhattan,40.73172816,-73.97784208
224,-8230010.795,4966545.341,225,0.088799207,0.000310835,Stuyvesant Heights,225,Brooklyn,40.68878506,-73.93144486
225,-8229774.4,4973372.619,226,0.168957762,0.000761944,Sunnyside,226,Queens,40.73527341,-73.92932128
226,-8238398.685,4959620.264,227,0.082830157,0.000268317,Sunset Park East,227,Brooklyn,40.64159763,-74.00679455
227,-8238751.113,4961383.9,228,0.177685178,0.000993415,Sunset Park West,228,Brooklyn,40.65361821,-74.00996047
228,-8233765.528,4976504.666,229,0.04252529,9.47E-05,Sutton Place/Turtle Bay North,229,Manhattan,40.7565893,-73.9651742
229,-8235880.817,4976983.092,230,0.03102831,5.61E-05,Times Sq/Theatre District,230,Manhattan,40.75984474,-73.98417616
230,-8238389.453,4970937.461,231,0.063420117,0.00016693,TriBeCa/Civic Center,231,Manhattan,40.71869564,-74.00671162
231,-8235672.71,4970451.383,232,0.061470909,0.00021605,Two Bridges/Seward Park,232,Manhattan,40.71538608,-73.9823067
232,-8234442.549,4975414.707,233,0.048035918,0.000116188,UN/Turtle Bay South,233,Manhattan,40.7491721,-73.97125598
233,-8236582.292,4974113.088,234,0.036072199,7.31E-05,Union Sq,234,Manhattan,40.74031346,-73.99047762
234,-8228176.636,4990757.334,235,0.076166843,0.000212845,University Heights/Morris Heights,235,Bronx,40.85350293,-73.91496833
235,-8232852.507,4980017.923,236,0.044251922,0.000102864,Upper East Side North,236,Manhattan,40.78049148,-73.95697239
236,-8233823.113,4978261.356,237,0.0422126,9.60E-05,Upper East Side South,237,Manhattan,40.76854188,-73.96569149
237,-8234616.045,4981675.581,238,0.060109311,0.000184764,Upper West Side North,238,Manhattan,40.79176624,-73.97281452
238,-8235223.718,4980549.513,239,0.063626115,0.000204715,Upper West Side South,239,Manhattan,40.78410736,-73.97827334
239,-8224180.14,4996829.158,240,0.146069764,0.000722131,Van Cortlandt Park,240,Bronx,40.89474641,-73.87906719
240,-8226115.201,4994065.305,241,0.068764578,0.000254677,Van Cortlandt Village,241,Bronx,40.87597585,-73.89645014
241,-8219817.726,4990182.442,242,0.138136446,0.000360072,Van Nest/Morris Park,242,Bronx,40.84959658,-73.83987896
242,-8230164.356,4991517.86,243,0.0943315,0.000438377,Washington Heights North,243,Manhattan,40.85867029,-73.93282432
243,-8231148.698,4988949.588,244,0.080568604,0.000359703,Washington Heights South,244,Manhattan,40.84121867,-73.94166681
244,-8249127.218,4957695.808,245,0.09598306,0.000466175,West Brighton,245,Staten Island,40.62847847,-74.10317061
245,-8238144.656,4975894.507,246,0.069467194,0.000281298,West Chelsea/Hudson Yards,246,Manhattan,40.75243725,-74.00451257
246,-8229299.945,4987182.939,247,0.092967858,0.000205617,West Concourse,247,Bronx,40.82921147,-73.92505918
247,-8223283.268,4987987.086,248,0.056919117,0.000149593,West Farms/Bronx River,248,Bronx,40.8346772,-73.87101045
248,-8237920.273,4973275.386,249,0.036384344,7.22E-05,West Village,249,Manhattan,40.73461156,-74.00249691
249,-8220886.361,4987665.387,250,0.079626347,0.000240976,Westchester Village/Unionport,250,Bronx,40.83249069,-73.84947867
250,-8251360.981,4956394.443,251,0.137711161,0.000625755,Westerleigh,251,Staten Island,40.61960551,-74.12323684
251,-8217092.106,4981174.848,252,0.158004374,0.001025264,Whitestone,252,Queens,40.78836065,-73.8153943
252,-8219995.346,4977018.598,253,0.0360515,7.83E-05,Willets Point,253,Queens,40.76008633,-73.84147455
253,-8221864.969,4995132.36,254,0.085886375,0.00036004,Williamsbridge/Olinville,254,Bronx,40.88322333,-73.85826966
254,-8232870.472,4970957.811,255,0.0623842,0.000172309,Williamsburg (North Side),255,Brooklyn,40.71883419,-73.95713377
255,-8233090.229,4969803.873,256,0.067914967,0.000168611,Williamsburg (South Side),256,Brooklyn,40.71097713,-73.95910788
256,-8235108.61,4961390.692,257,0.058669026,0.000138909,Windsor Terrace,257,Brooklyn,40.6536645,-73.97723931
257,-8221683.451,4966742.258,258,0.089013379,0.00036621,Woodhaven,258,Queens,40.69012637,-73.85663905
258,-8221651.398,4997470.717,259,0.126750305,0.000394552,Woodlawn/Wakefield,259,Bronx,40.89910277,-73.85635112
259,-8226923.73,4975065.828,260,0.133514155,0.000422345,Woodside,260,Queens,40.74679779,-73.90371328
260,-8239080.497,4969509.94,261,0.027120456,3.43E-05,World Trade Center,261,Manhattan,40.70897562,-74.01291938
261,-8231612.122,4979436.18,262,0.049063623,0.00012233,Yorkville East,262,Manhattan,40.77653423,-73.94582982
262,-8232210.817,4979724.55,263,0.037016625,6.58E-05,Yorkville West,263,Manhattan,40.77849587,-73.95120799
