pickup_datetime,PULocationID,Count
1,1,33
1,2,2
1,3,1262
1,4,4270
1,5,163
1,6,288
1,7,7506
1,8,18
1,9,623
1,10,2142
1,11,799
1,12,80
1,13,4845
1,14,4144
1,15,480
1,16,1562
1,17,7253
1,18,3467
1,19,498
1,20,2250
1,21,2023
1,22,2594
1,23,874
1,24,1635
1,25,4950
1,26,3087
1,27,8
1,28,1557
1,29,1364
1,30,22
1,31,160
1,32,1696
1,33,4255
1,34,714
1,35,4594
1,36,6255
1,37,8809
1,38,607
1,39,5410
1,40,2452
1,41,5862
1,42,7544
1,43,1280
1,44,230
1,45,2788
1,46,90
1,47,2660
1,48,10968
1,49,5899
1,50,6503
1,51,2173
1,52,1460
1,53,906
1,54,598
1,55,1384
1,56,1936
1,57,123
1,58,188
1,59,96
1,60,1631
1,61,11445
1,62,3002
1,63,2128
1,64,485
1,65,4133
1,66,3569
1,67,1334
1,68,10874
1,69,4344
1,70,1424
1,71,3153
1,72,3868
1,73,718
1,74,6368
1,75,6091
1,76,6815
1,77,2044
1,78,3017
1,79,16743
1,80,6187
1,81,1645
1,82,4629
1,83,1363
1,84,259
1,85,2130
1,86,1004
1,87,6069
1,88,2226
1,89,5961
1,90,7177
1,91,3448
1,92,3229
1,93,184
1,94,1582
1,95,4546
1,96,69
1,97,5980
1,98,679
1,99,24
1,100,5804
1,101,567
1,102,1668
1,106,1911
1,107,10363
1,108,1063
1,109,342
1,111,32
1,112,7236
1,113,8013
1,114,6911
1,115,439
1,116,3904
1,117,821
1,118,668
1,119,2727
1,120,68
1,121,1897
1,122,679
1,123,2408
1,124,829
1,125,3810
1,126,2037
1,127,2548
1,128,177
1,129,5662
1,130,4110
1,131,1078
1,132,9957
1,133,1466
1,134,1524
1,135,1426
1,136,2116
1,137,7366
1,138,9845
1,139,1065
1,140,7229
1,141,8331
1,142,7151
1,143,5915
1,144,8184
1,145,5385
1,146,1831
1,147,1636
1,148,9666
1,149,1737
1,150,794
1,151,3393
1,152,2074
1,153,708
1,154,52
1,155,2101
1,156,653
1,157,1724
1,158,6530
1,159,3437
1,160,1510
1,161,12635
1,162,9715
1,163,7303
1,164,10595
1,165,2182
1,166,5472
1,167,2908
1,168,4234
1,169,3598
1,170,11565
1,171,1401
1,172,368
1,173,1508
1,174,2718
1,175,720
1,176,197
1,177,3237
1,178,808
1,179,2635
1,180,1073
1,181,8963
1,182,1750
1,183,797
1,184,74
1,185,2116
1,186,7579
1,187,392
1,188,5488
1,189,3391
1,190,404
1,191,1783
1,192,921
1,193,859
1,194,56
1,195,1365
1,196,1674
1,197,2665
1,198,4459
1,200,1495
1,201,261
1,202,389
1,203,1091
1,204,132
1,205,2384
1,206,1031
1,207,28
1,208,1968
1,209,2269
1,210,2305
1,211,6334
1,212,1736
1,213,3026
1,214,491
1,215,1938
1,216,3441
1,217,992
1,218,1187
1,219,1154
1,220,2668
1,221,767
1,222,762
1,223,4061
1,224,2862
1,225,7327
1,226,4900
1,227,1692
1,228,3238
1,229,7432
1,230,9948
1,231,12364
1,232,4742
1,233,6386
1,234,14601
1,235,3585
1,236,8896
1,237,9218
1,238,6625
1,239,7483
1,240,378
1,241,2853
1,242,2759
1,243,4343
1,244,6726
1,245,467
1,246,9428
1,247,3786
1,248,1838
1,249,9229
1,250,1648
1,251,471
1,252,873
1,253,16
1,254,2907
1,255,8232
1,256,6973
1,257,1335
1,258,2139
1,259,1864
1,260,2761
1,261,3223
1,262,4973
1,263,6464
1,265,64
2,1,33
2,3,1352
2,4,4939
2,5,156
2,6,271
2,7,10147
2,8,18
2,9,547
2,10,1760
2,11,739
2,12,88
2,13,3601
2,14,3933
2,15,444
2,16,1561
2,17,8634
2,18,3362
2,19,405
2,20,1990
2,21,1987
2,22,2360
2,23,698
2,24,1788
2,25,5707
2,26,1749
2,27,27
2,28,1444
2,29,1170
2,30,28
2,31,191
2,32,1711
2,33,4643
2,34,402
2,35,4115
2,36,10973
2,37,12532
2,38,519
2,39,5082
2,40,3033
2,41,6337
2,42,7913
2,43,1330
2,44,232
2,45,3164
2,46,147
2,47,2323
2,48,11354
2,49,6898
2,50,6313
2,51,2449
2,52,1635
2,53,934
2,54,608
2,55,1414
2,56,2028
2,57,150
2,58,157
2,59,90
2,60,1698
2,61,13631
2,62,3011
2,63,2344
2,64,420
2,65,4476
2,66,3299
2,67,1219
2,68,10823
2,69,4131
2,70,1246
2,71,2856
2,72,3947
2,73,645
2,74,6460
2,75,4969
2,76,6730
2,77,2013
2,78,2713
2,79,21938
2,80,11182
2,81,1601
2,82,6104
2,83,1587
2,84,330
2,85,2268
2,86,665
2,87,5854
2,88,1576
2,89,6100
2,90,7246
2,91,3131
2,92,4059
2,93,247
2,94,1604
2,95,4555
2,96,82
2,97,7008
2,98,620
2,99,26
2,100,4652
2,101,418
2,102,1802
2,106,2714
2,107,10127
2,108,915
2,109,386
2,110,1
2,111,43
2,112,9704
2,113,7375
2,114,7944
2,115,420
2,116,4376
2,117,752
2,118,684
2,119,2904
2,120,71
2,121,1640
2,122,630
2,123,1682
2,124,745
2,125,2680
2,126,1680
2,127,3069
2,128,147
2,129,6081
2,130,3695
2,131,998
2,132,7491
2,133,1349
2,134,1270
2,135,1015
2,136,2139
2,137,7231
2,138,4389
2,139,885
2,140,5132
2,141,7760
2,142,6887
2,143,4777
2,144,8920
2,145,6615
2,146,2244
2,147,1632
2,148,14098
2,149,1308
2,150,706
2,151,3253
2,152,2087
2,153,738
2,154,77
2,155,1798
2,156,598
2,157,1734
2,158,7595
2,159,2901
2,160,1557
2,161,6797
2,162,5478
2,163,5484
2,164,9735
2,165,1505
2,166,4687
2,167,2727
2,168,4044
2,169,3420
2,170,9565
2,171,1290
2,172,372
2,173,1616
2,174,2493
2,175,499
2,176,212
2,177,3823
2,178,518
2,179,2837
2,180,988
2,181,10750
2,182,1681
2,183,798
2,184,82
2,185,1785
2,186,6536
2,187,314
2,188,5764
2,189,4668
2,190,1269
2,191,1512
2,192,785
2,193,941
2,194,61
2,195,1790
2,196,1828
2,197,2624
2,198,6330
2,200,1255
2,201,305
2,202,549
2,203,921
2,204,137
2,205,2066
2,206,899
2,207,32
2,208,2044
2,209,2206
2,210,2006
2,211,6333
2,212,1805
2,213,2943
2,214,449
2,215,1664
2,216,3497
2,217,909
2,218,1058
2,219,976
2,220,2597
2,221,719
2,222,688
2,223,4475
2,224,3363
2,225,8520
2,226,5069
2,227,1802
2,228,3335
2,229,6521
2,230,8245
2,231,10798
2,232,4866
2,233,5294
2,234,11889
2,235,3594
2,236,7305
2,237,6438
2,238,5682
2,239,7244
2,240,345
2,241,2913
2,242,2171
2,243,4558
2,244,6352
2,245,470
2,246,7912
2,247,3982
2,248,1806
2,249,11749
2,250,1595
2,251,414
2,252,833
2,253,15
2,254,2943
2,255,16026
2,256,11062
2,257,1696
2,258,2222
2,259,1815
2,260,3373
2,261,2768
2,262,4281
2,263,6375
2,264,1
2,265,60
3,1,62
3,2,1
3,3,1155
3,4,4026
3,5,153
3,6,263
3,7,9662
3,8,26
3,9,432
3,10,1600
3,11,692
3,12,72
3,13,2970
3,14,3575
3,15,377
3,16,1394
3,17,7979
3,18,3134
3,19,409
3,20,1699
3,21,1787
3,22,2137
3,23,571
3,24,1511
3,25,4861
3,26,2812
3,27,21
3,28,1316
3,29,1204
3,30,38
3,31,201
3,32,1586
3,33,3786
3,34,236
3,35,3742
3,36,9330
3,37,11592
3,38,471
3,39,4571
3,40,2348
3,41,5633
3,42,7008
3,43,1133
3,44,200
3,45,2429
3,46,131
3,47,2092
3,48,9673
3,49,6227
3,50,5288
3,51,2072
3,52,1313
3,53,864
3,54,529
3,55,1190
3,56,1807
3,57,155
3,58,191
3,59,92
3,60,1495
3,61,12912
3,62,3025
3,63,2230
3,64,338
3,65,3675
3,66,2783
3,67,1040
3,68,8704
3,69,3768
3,70,1259
3,71,2728
3,72,3473
3,73,629
3,74,5566
3,75,4530
3,76,5957
3,77,1852
3,78,2561
3,79,17677
3,80,10122
3,81,1418
3,82,5293
3,83,1472
3,84,315
3,85,2159
3,86,699
3,87,4738
3,88,964
3,89,5771
3,90,6039
3,91,3064
3,92,3513
3,93,205
3,94,1489
3,95,4190
3,96,97
3,97,5641
3,98,530
3,99,29
3,100,3468
3,101,392
3,102,1603
3,106,2382
3,107,7955
3,108,883
3,109,379
3,111,31
3,112,7702
3,113,5615
3,114,6509
3,115,390
3,116,4165
3,117,595
3,118,599
3,119,2670
3,120,64
3,121,1291
3,122,583
3,123,2221
3,124,647
3,125,2112
3,126,1428
3,127,3335
3,128,134
3,129,5525
3,130,2966
3,131,924
3,132,10342
3,133,1413
3,134,1238
3,135,1127
3,136,2029
3,137,6010
3,138,8027
3,139,800
3,140,4315
3,141,6526
3,142,5711
3,143,4270
3,144,6658
3,145,5677
3,146,2029
3,147,1385
3,148,12179
3,149,1306
3,150,810
3,151,2994
3,152,2045
3,153,696
3,154,48
3,155,1679
3,156,512
3,157,1553
3,158,5495
3,159,2529
3,160,1425
3,161,4706
3,162,4198
3,163,4636
3,164,7559
3,165,1974
3,166,3550
3,167,2516
3,168,3677
3,169,3252
3,170,7750
3,171,1206
3,172,277
3,173,1565
3,174,2304
3,175,415
3,176,150
3,177,3505
3,178,845
3,179,2667
3,180,874
3,181,9113
3,182,1522
3,183,688
3,184,53
3,185,1614
3,186,5348
3,187,275
3,188,5498
3,189,4115
3,190,1203
3,191,1350
3,192,736
3,193,797
3,194,49
3,195,1320
3,196,1673
3,197,2596
3,198,5243
3,200,1236
3,201,309
3,202,487
3,203,821
3,204,151
3,205,1925
3,206,745
3,207,20
3,208,1875
3,209,1727
3,210,1777
3,211,4700
3,212,1682
3,213,2653
3,214,398
3,215,1528
3,216,3147
3,217,983
3,218,992
3,219,796
3,220,2430
3,221,612
3,222,699
3,223,4285
3,224,2832
3,225,7863
3,226,4347
3,227,1578
3,228,2777
3,229,5443
3,230,6929
3,231,8571
3,232,4322
3,233,4491
3,234,8821
3,235,3296
3,236,5755
3,237,4880
3,238,5175
3,239,6100
3,240,359
3,241,2739
3,242,1876
3,243,4568
3,244,5906
3,245,419
3,246,7126
3,247,3523
3,248,1737
3,249,8281
3,250,1438
3,251,385
3,252,734
3,253,12
3,254,2584
3,255,12911
3,256,9093
3,257,1466
3,258,1949
3,259,1758
3,260,3225
3,261,1958
3,262,3752
3,263,5722
3,264,1
3,265,47
4,1,44
4,2,1
4,3,1083
4,4,2472
4,5,113
4,6,196
4,7,5156
4,8,19
4,9,524
4,10,1594
4,11,596
4,12,75
4,13,3358
4,14,2959
4,15,382
4,16,1152
4,17,5021
4,18,2634
4,19,387
4,20,1644
4,21,1543
4,22,2081
4,23,777
4,24,1077
4,25,3073
4,26,3396
4,27,12
4,28,1158
4,29,1044
4,30,18
4,31,149
4,32,1452
4,33,2661
4,34,495
4,35,3236
4,36,3619
4,37,5359
4,38,468
4,39,4084
4,40,1449
4,41,3967
4,42,5336
4,43,905
4,44,148
4,45,1680
4,46,83
4,47,2055
4,48,6483
4,49,3685
4,50,4417
4,51,1657
4,52,873
4,53,772
4,54,378
4,55,1006
4,56,1422
4,57,84
4,58,158
4,59,80
4,60,1484
4,61,7936
4,62,2321
4,63,1525
4,64,388
4,65,2894
4,66,2610
4,67,937
4,68,6359
4,69,3427
4,70,1092
4,71,2303
4,72,2979
4,73,634
4,74,4407
4,75,4171
4,76,4959
4,77,1457
4,78,2624
4,79,7857
4,80,3845
4,81,1413
4,82,3414
4,83,1085
4,84,201
4,85,1467
4,86,710
4,87,3865
4,88,1717
4,89,4664
4,90,4025
4,91,2706
4,92,3005
4,93,154
4,94,1133
4,95,3247
4,96,87
4,97,4018
4,98,508
4,99,15
4,100,4080
4,101,455
4,102,1248
4,106,1272
4,107,5448
4,108,823
4,109,277
4,111,42
4,112,4216
4,113,4579
4,114,3444
4,115,351
4,116,2733
4,117,581
4,118,473
4,119,2076
4,120,65
4,121,1498
4,122,573
4,123,1910
4,124,573
4,125,2579
4,126,1705
4,127,2180
4,128,140
4,129,4089
4,130,3152
4,131,888
4,132,10622
4,133,1163
4,134,1162
4,135,1217
4,136,1572
4,137,4031
4,138,11004
4,139,777
4,140,4941
4,141,5145
4,142,4826
4,143,4284
4,144,4570
4,145,3626
4,146,1323
4,147,1515
4,148,4898
4,149,1447
4,150,702
4,151,2327
4,152,1534
4,153,515
4,154,36
4,155,1583
4,156,521
4,157,1368
4,158,3709
4,159,3053
4,160,1064
4,161,8705
4,162,6963
4,163,5183
4,164,6082
4,165,2039
4,166,3888
4,167,2276
4,168,3353
4,169,2657
4,170,7005
4,171,1110
4,172,268
4,173,1083
4,174,2347
4,175,671
4,176,149
4,177,2309
4,178,765
4,179,1798
4,180,707
4,181,5851
4,182,1337
4,183,548
4,184,95
4,185,1825
4,186,4673
4,187,256
4,188,4070
4,189,2114
4,190,283
4,191,1286
4,192,839
4,193,651
4,194,46
4,195,918
4,196,1264
4,197,2169
4,198,2868
4,200,1106
4,201,210
4,202,316
4,203,837
4,204,111
4,205,1820
4,206,821
4,207,15
4,208,1467
4,209,1342
4,210,1764
4,211,3537
4,212,1376
4,213,2220
4,214,342
4,215,1471
4,216,2679
4,217,992
4,218,889
4,219,854
4,220,1890
4,221,574
4,222,565
4,223,2647
4,224,1725
4,225,4820
4,226,3523
4,227,1489
4,228,2771
4,229,4478
4,230,6083
4,231,7385
4,232,3041
4,233,3916
4,234,8173
4,235,2896
4,236,5636
4,237,5959
4,238,4649
4,239,4806
4,240,382
4,241,2419
4,242,2440
4,243,3250
4,244,4828
4,245,329
4,246,7631
4,247,3179
4,248,1262
4,249,4716
4,250,1297
4,251,377
4,252,642
4,253,17
4,254,2503
4,255,4503
4,256,3986
4,257,890
4,258,1594
4,259,1473
4,260,2076
4,261,1953
4,262,3402
4,263,3954
4,265,43
5,1,35
5,3,967
5,4,2523
5,5,110
5,6,229
5,7,4398
5,8,13
5,9,427
5,10,1520
5,11,567
5,12,79
5,13,3801
5,14,2699
5,15,340
5,16,1010
5,17,4748
5,18,2417
5,19,311
5,20,1493
5,21,1422
5,22,1890
5,23,774
5,24,1015
5,25,3000
5,26,3338
5,27,8
5,28,1017
5,29,959
5,30,17
5,31,163
5,32,1121
5,33,2706
5,34,486
5,35,2985
5,36,4051
5,37,5384
5,38,417
5,39,3756
5,40,1379
5,41,3757
5,42,4856
5,43,913
5,44,134
5,45,1731
5,46,102
5,47,1809
5,48,6509
5,49,3521
5,50,4342
5,51,1547
5,52,816
5,53,726
5,54,391
5,55,898
5,56,1352
5,57,94
5,58,141
5,59,71
5,60,1119
5,61,7409
5,62,2204
5,63,1458
5,64,353
5,65,2876
5,66,2761
5,67,864
5,68,6804
5,69,2964
5,70,1062
5,71,2083
5,72,2697
5,73,570
5,74,4131
5,75,3998
5,76,4648
5,77,1285
5,78,2063
5,79,8474
5,80,4358
5,81,1247
5,82,3439
5,83,972
5,84,154
5,85,1403
5,86,655
5,87,4024
5,88,1887
5,89,4481
5,90,4201
5,91,2565
5,92,2594
5,93,147
5,94,1013
5,95,3307
5,96,80
5,97,3886
5,98,506
5,99,14
5,100,4590
5,101,413
5,102,1111
5,106,1215
5,107,5960
5,108,774
5,109,246
5,110,1
5,111,37
5,112,4007
5,113,5055
5,114,3777
5,115,312
5,116,2518
5,117,495
5,118,383
5,119,1871
5,120,56
5,121,1415
5,122,552
5,123,1938
5,124,607
5,125,2824
5,126,1357
5,127,1777
5,128,157
5,129,3905
5,130,3003
5,131,849
5,132,7987
5,133,1035
5,134,1078
5,135,1179
5,136,1484
5,137,4019
5,138,8754
5,139,703
5,140,4885
5,141,5096
5,142,4942
5,143,4208
5,144,5045
5,145,3394
5,146,1280
5,147,1059
5,148,5534
5,149,1437
5,150,702
5,151,2280
5,152,1381
5,153,467
5,154,62
5,155,1501
5,156,421
5,157,1118
5,158,3674
5,159,2405
5,160,955
5,161,10083
5,162,7429
5,163,5398
5,164,6677
5,165,1958
5,166,3787
5,167,1940
5,168,2824
5,169,2538
5,170,7359
5,171,999
5,172,237
5,173,987
5,174,1998
5,175,569
5,176,122
5,177,2092
5,178,775
5,179,1547
5,180,736
5,181,5277
5,182,1128
5,183,528
5,184,63
5,185,1520
5,186,4530
5,187,243
5,188,4001
5,189,1994
5,190,347
5,191,1169
5,192,761
5,193,557
5,194,38
5,195,904
5,196,1144
5,197,1849
5,198,2740
5,200,1052
5,201,139
5,202,274
5,203,773
5,204,98
5,205,1694
5,206,792
5,207,26
5,208,1292
5,209,1372
5,210,1591
5,211,4101
5,212,1209
5,213,2092
5,214,343
5,215,1328
5,216,2469
5,217,996
5,218,854
5,219,810
5,220,1810
5,221,521
5,222,548
5,223,2367
5,224,1782
5,225,4370
5,226,3491
5,227,1292
5,228,2294
5,229,4832
5,230,7001
5,231,8331
5,232,2972
5,233,4021
5,234,9374
5,235,2709
5,236,5866
5,237,6363
5,238,4536
5,239,4946
5,240,276
5,241,2253
5,242,2015
5,243,2990
5,244,4627
5,245,301
5,246,7661
5,247,2675
5,248,1171
5,249,5147
5,250,1117
5,251,296
5,252,614
5,253,21
5,254,2043
5,255,5292
5,256,4226
5,257,768
5,258,1371
5,259,1315
5,260,2030
5,261,2153
5,262,3336
5,263,3825
5,265,43
6,1,24
6,3,1069
6,4,2668
6,5,116
6,6,247
6,7,5122
6,8,23
6,9,486
6,10,1652
6,11,623
6,12,64
6,13,4278
6,14,3023
6,15,339
6,16,1120
6,17,5535
6,18,2578
6,19,374
6,20,1705
6,21,1572
6,22,2180
6,23,826
6,24,1057
6,25,3642
6,26,4460
6,27,7
6,28,1158
6,29,1188
6,30,11
6,31,155
6,32,1258
6,33,3339
6,34,615
6,35,3307
6,36,4167
6,37,5841
6,38,434
6,39,4306
6,40,1714
6,41,4330
6,42,5388
6,43,1026
6,44,142
6,45,2007
6,46,65
6,47,1923
6,48,7598
6,49,4264
6,50,4680
6,51,1591
6,52,1084
6,53,720
6,54,422
6,55,989
6,56,1405
6,57,84
6,58,144
6,59,82
6,60,1228
6,61,8499
6,62,2453
6,63,1506
6,64,375
6,65,3371
6,66,3021
6,67,997
6,68,7895
6,69,3169
6,70,1111
6,71,2381
6,72,3013
6,73,572
6,74,4459
6,75,4506
6,76,5025
6,77,1494
6,78,2231
6,79,10302
6,80,4717
6,81,1283
6,82,3558
6,83,1009
6,84,184
6,85,1670
6,86,741
6,87,4670
6,88,1998
6,89,4845
6,90,5010
6,91,2709
6,92,2546
6,93,160
6,94,1127
6,95,3617
6,96,58
6,97,4735
6,98,575
6,99,13
6,100,5532
6,101,453
6,102,1229
6,105,1
6,106,1658
6,107,7256
6,108,833
6,109,272
6,111,32
6,112,5013
6,113,6455
6,114,5093
6,115,337
6,116,2706
6,117,529
6,118,461
6,119,2063
6,120,71
6,121,1496
6,122,541
6,123,2284
6,124,663
6,125,3498
6,126,1566
6,127,1941
6,128,189
6,129,4138
6,130,3505
6,131,918
6,132,7527
6,133,1300
6,134,1223
6,135,1384
6,136,1643
6,137,4705
6,138,8482
6,139,827
6,140,5620
6,141,5832
6,142,6024
6,143,4653
6,144,6177
6,145,3693
6,146,1337
6,147,1176
6,148,6665
6,149,1597
6,150,789
6,151,2464
6,152,1589
6,153,511
6,154,49
6,155,1657
6,156,512
6,157,1239
6,158,4862
6,159,2621
6,160,994
6,161,13728
6,162,9178
6,163,7206
6,164,8249
6,165,2221
6,166,4528
6,167,2053
6,168,3223
6,169,2726
6,170,8981
6,171,1058
6,172,250
6,173,1111
6,174,2152
6,175,638
6,176,124
6,177,2407
6,178,866
6,179,1782
6,180,781
6,181,7120
6,182,1276
6,183,620
6,184,62
6,185,1630
6,186,5432
6,187,263
6,188,4322
6,189,2608
6,190,582
6,191,1217
6,192,794
6,193,639
6,194,41
6,195,1074
6,196,1240
6,197,2108
6,198,3101
6,200,1202
6,201,195
6,202,251
6,203,820
6,204,95
6,205,1799
6,206,877
6,207,15
6,208,1400
6,209,1551
6,210,1843
6,211,5168
6,212,1316
6,213,2143
6,214,349
6,215,1529
6,216,2630
6,217,1336
6,218,952
6,219,856
6,220,1951
6,221,605
6,222,606
6,223,2691
6,224,1845
6,225,5050
6,226,3768
6,227,1443
6,228,2511
6,229,5570
6,230,9688
6,231,10315
6,232,3224
6,233,4747
6,234,11985
6,235,2927
6,236,6873
6,237,8193
6,238,5043
6,239,5651
6,240,305
6,241,2433
6,242,2265
6,243,3231
6,244,4965
6,245,323
6,246,8658
6,247,2762
6,248,1230
6,249,6349
6,250,1213
6,251,300
6,252,650
6,253,12
6,254,2228
6,255,5978
6,256,4930
6,257,947
6,258,1566
6,259,1303
6,260,2145
6,261,2328
6,262,3659
6,263,4342
6,264,3
6,265,42
7,1,33
7,3,1001
7,4,2817
7,5,128
7,6,253
7,7,4895
7,8,4
7,9,500
7,10,1689
7,11,567
7,12,60
7,13,4396
7,14,2896
7,15,335
7,16,1180
7,17,5197
7,18,2524
7,19,385
7,20,1603
7,21,1496
7,22,1966
7,23,819
7,24,1129
7,25,3298
7,26,3671
7,27,9
7,28,1077
7,29,1057
7,30,16
7,31,139
7,32,1257
7,33,3180
7,34,564
7,35,3347
7,36,4123
7,37,5693
7,38,465
7,39,4125
7,40,1637
7,41,3963
7,42,5400
7,43,1042
7,44,154
7,45,1900
7,46,66
7,47,1964
7,48,7661
7,49,3892
7,50,4622
7,51,1540
7,52,951
7,53,761
7,54,450
7,55,1035
7,56,1402
7,57,95
7,58,143
7,59,72
7,60,1226
7,61,8213
7,62,2440
7,63,1462
7,64,363
7,65,3097
7,66,3115
7,67,956
7,68,8045
7,69,3153
7,70,1147
7,71,2286
7,72,2960
7,73,561
7,74,4595
7,75,4400
7,76,5013
7,77,1547
7,78,2329
7,79,10026
7,80,3956
7,81,1269
7,82,3322
7,83,996
7,84,198
7,85,1633
7,86,782
7,87,4839
7,88,2235
7,89,4963
7,90,5088
7,91,2810
7,92,2343
7,93,156
7,94,1126
7,95,3438
7,96,68
7,97,4325
7,98,536
7,99,13
7,100,5253
7,101,469
7,102,1193
7,106,1439
7,107,7206
7,108,846
7,109,268
7,110,1
7,111,28
7,112,4736
7,113,5808
7,114,4896
7,115,402
7,116,2647
7,117,563
7,118,509
7,119,2019
7,120,63
7,121,1493
7,122,587
7,123,2135
7,124,616
7,125,3321
7,126,1563
7,127,1860
7,128,154
7,129,3982
7,130,3364
7,131,918
7,132,8557
7,133,1217
7,134,1216
7,135,1352
7,136,1701
7,137,4867
7,138,9972
7,139,860
7,140,5500
7,141,5883
7,142,5414
7,143,4560
7,144,6067
7,145,3976
7,146,1406
7,147,1157
7,148,6735
7,149,1545
7,150,714
7,151,2351
7,152,1538
7,153,524
7,154,53
7,155,1600
7,156,506
7,157,1318
7,158,5294
7,159,2471
7,160,1057
7,161,12828
7,162,8819
7,163,6697
7,164,8172
7,165,2240
7,166,4289
7,167,2150
7,168,3104
7,169,2605
7,170,9106
7,171,1034
7,172,245
7,173,1089
7,174,2188
7,175,611
7,176,163
7,177,2398
7,178,845
7,179,1740
7,180,779
7,181,5977
7,182,1265
7,183,556
7,184,70
7,185,1674
7,186,5382
7,187,270
7,188,4294
7,189,2360
7,190,337
7,191,1291
7,192,805
7,193,621
7,194,49
7,195,1147
7,196,1216
7,197,2048
7,198,2966
7,200,1251
7,201,163
7,202,234
7,203,813
7,204,104
7,205,1777
7,206,873
7,207,17
7,208,1466
7,209,1672
7,210,1857
7,211,5152
7,212,1298
7,213,2287
7,214,325
7,215,1514
7,216,2696
7,217,1099
7,218,933
7,219,895
7,220,1956
7,221,620
7,222,638
7,223,2727
7,224,1915
7,225,4931
7,226,3616
7,227,1274
7,228,2387
7,229,5439
7,230,8793
7,231,10551
7,232,3276
7,233,4657
7,234,11046
7,235,2792
7,236,6665
7,237,7651
7,238,5034
7,239,5176
7,240,292
7,241,2424
7,242,2244
7,243,3235
7,244,4965
7,245,330
7,246,8186
7,247,2801
7,248,1284
7,249,6362
7,250,1184
7,251,309
7,252,663
7,253,20
7,254,2276
7,255,5447
7,256,4625
7,257,912
7,258,1554
7,259,1318
7,260,2072
7,261,2656
7,262,3646
7,263,4305
7,264,1
7,265,40
8,1,31
8,3,1271
8,4,3716
8,5,140
8,6,286
8,7,6836
8,8,10
8,9,609
8,10,1928
8,11,738
8,12,68
8,13,4503
8,14,3792
8,15,417
8,16,1414
8,17,6402
8,18,3158
8,19,494
8,20,2067
8,21,1778
8,22,2432
8,23,833
8,24,1374
8,25,4394
8,26,2665
8,27,20
8,28,1387
8,29,1303
8,30,24
8,31,192
8,32,1564
8,33,3887
8,34,569
8,35,4314
8,36,5925
8,37,8053
8,38,572
8,39,5153
8,40,2333
8,41,5244
8,42,6846
8,43,1211
8,44,174
8,45,2519
8,46,107
8,47,2474
8,48,9710
8,49,5422
8,50,5642
8,51,2118
8,52,1299
8,53,904
8,54,552
8,55,1226
8,56,1791
8,57,101
8,58,172
8,59,74
8,60,1569
8,61,10677
8,62,2896
8,63,1903
8,64,425
8,65,3949
8,66,3457
8,67,1177
8,68,9624
8,69,3973
8,70,1345
8,71,2902
8,72,3702
8,73,658
8,74,5718
8,75,5307
8,76,6351
8,77,1875
8,78,2796
8,79,14437
8,80,5774
8,81,1635
8,82,4336
8,83,1198
8,84,276
8,85,2027
8,86,884
8,87,5618
8,88,2179
8,89,5597
8,90,5949
8,91,3247
8,92,2934
8,93,161
8,94,1425
8,95,4127
8,96,66
8,97,5652
8,98,705
8,99,15
8,100,5417
8,101,524
8,102,1594
8,106,1655
8,107,8623
8,108,980
8,109,350
8,111,39
8,112,6425
8,113,6855
8,114,5930
8,115,468
8,116,3463
8,117,751
8,118,656
8,119,2594
8,120,80
8,121,1762
8,122,662
8,123,2153
8,124,809
8,125,3875
8,126,1953
8,127,2406
8,128,153
8,129,5138
8,130,3960
8,131,1064
8,132,9822
8,133,1269
8,134,1415
8,135,1248
8,136,2008
8,137,6136
8,138,10549
8,139,988
8,140,6066
8,141,6931
8,142,6274
8,143,5154
8,144,7661
8,145,4671
8,146,1653
8,147,1562
8,148,10331
8,149,1639
8,150,751
8,151,2963
8,152,1786
8,153,671
8,154,49
8,155,1954
8,156,668
8,157,1615
8,158,6427
8,159,3130
8,160,1360
8,161,10900
8,162,7926
8,163,6714
8,164,9189
8,165,1884
8,166,4615
8,167,2763
8,168,3852
8,169,3343
8,170,9987
8,171,1252
8,172,326
8,173,1386
8,174,2568
8,175,670
8,176,189
8,177,3056
8,178,724
8,179,2302
8,180,1010
8,181,8386
8,182,1599
8,183,720
8,184,96
8,185,2045
8,186,6420
8,187,343
8,188,5139
8,189,3067
8,190,443
8,191,1537
8,192,855
8,193,802
8,194,49
8,195,1529
8,196,1512
8,197,2540
8,198,4028
8,200,1373
8,201,272
8,202,355
8,203,1008
8,204,145
8,205,2275
8,206,1033
8,207,14
8,208,1979
8,209,2152
8,210,2105
8,211,6080
8,212,1629
8,213,2856
8,214,450
8,215,1821
8,216,3299
8,217,834
8,218,1249
8,219,1089
8,220,2324
8,221,758
8,222,780
8,223,3675
8,224,2549
8,225,6666
8,226,4173
8,227,1591
8,228,3115
8,229,6199
8,230,8852
8,231,11660
8,232,4296
8,233,5541
8,234,11780
8,235,3459
8,236,7420
8,237,7721
8,238,5427
8,239,6406
8,240,364
8,241,2711
8,242,2518
8,243,3964
8,244,6093
8,245,442
8,246,8804
8,247,3712
8,248,1681
8,249,8458
8,250,1518
8,251,421
8,252,801
8,253,14
8,254,2706
8,255,7451
8,256,6199
8,257,1108
8,258,2000
8,259,1752
8,260,2586
8,261,3157
8,262,4244
8,263,5396
8,265,44
9,1,31
9,2,1
9,3,1369
9,4,5050
9,5,160
9,6,307
9,7,9863
9,8,17
9,9,554
9,10,1924
9,11,758
9,12,119
9,13,4107
9,14,4411
9,15,477
9,16,1675
9,17,8785
9,18,3561
9,19,423
9,20,2116
9,21,2105
9,22,2364
9,23,748
9,24,1749
9,25,6125
9,26,1714
9,27,41
9,28,1356
9,29,1339
9,30,34
9,31,247
9,32,1691
9,33,4820
9,34,672
9,35,4377
9,36,10900
9,37,12378
9,38,564
9,39,5098
9,40,3246
9,41,6498
9,42,8103
9,43,1552
9,44,202
9,45,3386
9,46,153
9,47,2309
9,48,12130
9,49,7095
9,50,7446
9,51,2638
9,52,1701
9,53,882
9,54,665
9,55,1505
9,56,2013
9,57,165
9,58,191
9,59,93
9,60,1672
9,61,13602
9,62,3086
9,63,2356
9,64,417
9,65,4680
9,66,3478
9,67,1167
9,68,11214
9,69,4323
9,70,1391
9,71,3119
9,72,4000
9,73,717
9,74,6461
9,75,5089
9,76,6607
9,77,2020
9,78,2718
9,79,22375
9,80,12217
9,81,1718
9,82,6076
9,83,1792
9,84,362
9,85,2385
9,86,708
9,87,6753
9,88,1882
9,89,8796
9,90,7318
9,91,3280
9,92,4254
9,93,228
9,94,1702
9,95,4768
9,96,80
9,97,7019
9,98,571
9,99,32
9,100,5222
9,101,465
9,102,1926
9,106,2847
9,107,10119
9,108,970
9,109,453
9,111,32
9,112,10311
9,113,7892
9,114,8836
9,115,419
9,116,4439
9,117,725
9,118,691
9,119,2969
9,120,71
9,121,1613
9,122,652
9,123,2010
9,124,823
9,125,3098
9,126,1763
9,127,3132
9,128,130
9,129,6347
9,130,3986
9,131,1078
9,132,8167
9,133,1417
9,134,1311
9,135,1048
9,136,2276
9,137,6961
9,138,5453
9,139,880
9,140,5075
9,141,7933
9,142,6917
9,143,4754
9,144,10391
9,145,6697
9,146,2519
9,147,1618
9,148,16421
9,149,1670
9,150,753
9,151,3293
9,152,2097
9,153,763
9,154,72
9,155,1945
9,156,562
9,157,1738
9,158,8607
9,159,3055
9,160,1611
9,161,7849
9,162,5911
9,163,6661
9,164,10508
9,165,1811
9,166,4747
9,167,2809
9,168,3955
9,169,3708
9,170,9987
9,171,1492
9,172,354
9,173,1819
9,174,2487
9,175,506
9,176,201
9,177,3654
9,178,515
9,179,3026
9,180,978
9,181,11742
9,182,1737
9,183,820
9,184,79
9,185,1928
9,186,7433
9,187,329
9,188,6419
9,189,4761
9,190,851
9,191,1531
9,192,778
9,193,892
9,194,66
9,195,1745
9,196,1738
9,197,2762
9,198,5925
9,200,1246
9,201,330
9,202,493
9,203,957
9,204,186
9,205,2210
9,206,964
9,207,19
9,208,2051
9,209,2237
9,210,2164
9,211,7529
9,212,1837
9,213,3009
9,214,407
9,215,1775
9,216,3537
9,217,920
9,218,1110
9,219,941
9,220,2495
9,221,731
9,222,731
9,223,4512
9,224,3425
9,225,8469
9,226,5101
9,227,1671
9,228,3452
9,229,6567
9,230,9580
9,231,12434
9,232,5055
9,233,5340
9,234,12661
9,235,3839
9,236,7666
9,237,7248
9,238,5655
9,239,7338
9,240,349
9,241,2966
9,242,2191
9,243,4836
9,244,6651
9,245,509
9,246,9081
9,247,3981
9,248,1809
9,249,12407
9,250,1592
9,251,452
9,252,893
9,253,28
9,254,2862
9,255,15678
9,256,11178
9,257,1438
9,258,2233
9,259,1937
9,260,3655
9,261,3316
9,262,4146
9,263,6387
9,265,64
10,1,58
10,2,2
10,3,1055
10,4,3825
10,5,130
10,6,227
10,7,8195
10,8,15
10,9,443
10,10,1601
10,11,612
10,12,95
10,13,3006
10,14,3263
10,15,365
10,16,1205
10,17,8050
10,18,3087
10,19,337
10,20,1635
10,21,1768
10,22,1967
10,23,532
10,24,1339
10,25,4611
10,26,3164
10,27,24
10,28,1108
10,29,1236
10,30,18
10,31,185
10,32,1459
10,33,3572
10,34,378
10,35,3617
10,36,9481
10,37,11188
10,38,526
10,39,4526
10,40,2229
10,41,5609
10,42,6761
10,43,1186
10,44,193
10,45,2663
10,46,122
10,47,1932
10,48,10189
10,49,5796
10,50,4959
10,51,2085
10,52,1341
10,53,700
10,54,440
10,55,1174
10,56,1745
10,57,127
10,58,125
10,59,72
10,60,1425
10,61,11915
10,62,2860
10,63,1945
10,64,304
10,65,3901
10,66,2721
10,67,898
10,68,9087
10,69,3647
10,70,1164
10,71,2730
10,72,3536
10,73,586
10,74,5381
10,75,4178
10,76,5582
10,77,1715
10,78,2347
10,79,17806
10,80,9648
10,81,1338
10,82,4924
10,83,1609
10,84,234
10,85,2060
10,86,726
10,87,4673
10,88,1361
10,89,6956
10,90,5597
10,91,2980
10,92,3157
10,93,253
10,94,1450
10,95,3859
10,96,68
10,97,5637
10,98,558
10,99,29
10,100,4224
10,101,341
10,102,1441
10,105,1
10,106,2174
10,107,7566
10,108,816
10,109,333
10,110,2
10,111,41
10,112,7962
10,113,5774
10,114,6745
10,115,337
10,116,3718
10,117,572
10,118,505
10,119,2639
10,120,48
10,121,1173
10,122,559
10,123,2368
10,124,616
10,125,2578
10,126,1397
10,127,3349
10,128,113
10,129,5442
10,130,2967
10,131,861
10,132,11548
10,133,1353
10,134,1079
10,135,971
10,136,1892
10,137,5319
10,138,9677
10,139,793
10,140,3934
10,141,5721
10,142,5581
10,143,3648
10,144,7854
10,145,5227
10,146,2059
10,147,1374
10,148,13474
10,149,1467
10,150,798
10,151,2620
10,152,1768
10,153,651
10,154,55
10,155,1658
10,156,474
10,157,1558
10,158,6553
10,159,2433
10,160,1197
10,161,6339
10,162,4769
10,163,5259
10,164,8437
10,165,2375
10,166,3551
10,167,2481
10,168,3272
10,169,3177
10,170,7566
10,171,1145
10,172,234
10,173,1456
10,174,2125
10,175,369
10,176,132
10,177,3196
10,178,824
10,179,2393
10,180,911
10,181,9237
10,182,1439
10,183,606
10,184,66
10,185,1447
10,186,6041
10,187,262
10,188,5736
10,189,4039
10,190,650
10,191,1255
10,192,654
10,193,800
10,194,34
10,195,1591
10,196,1441
10,197,2296
10,198,4708
10,200,998
10,201,287
10,202,405
10,203,841
10,204,112
10,205,1859
10,206,749
10,207,15
10,208,1688
10,209,2084
10,210,1829
10,211,5506
10,212,1588
10,213,2350
10,214,308
10,215,1534
10,216,2971
10,217,1159
10,218,864
10,219,790
10,220,2136
10,221,571
10,222,675
10,223,3713
10,224,2531
10,225,7270
10,226,3934
10,227,1530
10,228,3362
10,229,4879
10,230,8803
10,231,9157
10,232,3998
10,233,4145
10,234,9812
10,235,3208
10,236,5397
10,237,5147
10,238,4820
10,239,5865
10,240,322
10,241,2401
10,242,1764
10,243,4457
10,244,5667
10,245,387
10,246,7073
10,247,3445
10,248,1605
10,249,8647
10,250,1295
10,251,345
10,252,654
10,253,8
10,254,2594
10,255,12819
10,256,9062
10,257,1125
10,258,1864
10,259,1490
10,260,3264
10,261,2524
10,262,3203
10,263,5055
10,265,44
11,1,47
11,3,1094
11,4,2539
11,5,125
11,6,201
11,7,4990
11,8,14
11,9,465
11,10,1539
11,11,596
11,12,90
11,13,3640
11,14,2893
11,15,325
11,16,1054
11,17,5256
11,18,2538
11,19,358
11,20,1566
11,21,1542
11,22,1962
11,23,812
11,24,1000
11,25,3182
11,26,3875
11,27,8
11,28,1167
11,29,1141
11,30,15
11,31,139
11,32,1290
11,33,2773
11,34,550
11,35,3247
11,36,4150
11,37,5638
11,38,477
11,39,4184
11,40,1501
11,41,3766
11,42,5316
11,43,945
11,44,135
11,45,1929
11,46,64
11,47,1990
11,48,7085
11,49,3846
11,50,5398
11,51,1589
11,52,921
11,53,728
11,54,365
11,55,1037
11,56,1478
11,57,98
11,58,156
11,59,72
11,60,1249
11,61,8020
11,62,2389
11,63,1555
11,64,363
11,65,2992
11,66,2550
11,67,895
11,68,6911
11,69,3242
11,70,1113
11,71,2230
11,72,2997
11,73,560
11,74,4601
11,75,4441
11,76,5106
11,77,1446
11,78,2283
11,79,8620
11,80,4286
11,81,1269
11,82,3307
11,83,1039
11,84,186
11,85,1556
11,86,760
11,87,3980
11,88,1720
11,89,4768
11,90,4550
11,91,2781
11,92,2431
11,93,156
11,94,1160
11,95,3432
11,96,59
11,97,3995
11,98,584
11,99,10
11,100,4425
11,101,437
11,102,1222
11,106,1381
11,107,5980
11,108,849
11,109,277
11,111,22
11,112,4399
11,113,5190
11,114,4030
11,115,366
11,116,2607
11,117,626
11,118,503
11,119,2095
11,120,51
11,121,1523
11,122,573
11,123,2171
11,124,628
11,125,3077
11,126,1487
11,127,2021
11,128,159
11,129,4185
11,130,3257
11,131,904
11,132,11386
11,133,1237
11,134,1159
11,135,1249
11,136,1650
11,137,4466
11,138,10928
11,139,794
11,140,5198
11,141,5421
11,142,5183
11,143,4425
11,144,5472
11,145,3391
11,146,1328
11,147,1236
11,148,5761
11,149,1490
11,150,761
11,151,2368
11,152,1511
11,153,517
11,154,35
11,155,1616
11,156,524
11,157,1278
11,158,4501
11,159,2525
11,160,1040
11,161,10340
11,162,7646
11,163,5834
11,164,6877
11,165,2175
11,166,3660
11,167,2130
11,168,3098
11,169,2718
11,170,7762
11,171,1001
11,172,263
11,173,1131
11,174,2155
11,175,619
11,176,168
11,177,2357
11,178,818
11,179,1728
11,180,780
11,181,5713
11,182,1298
11,183,584
11,184,61
11,185,1555
11,186,5150
11,187,286
11,188,4101
11,189,2032
11,190,325
11,191,1242
11,192,814
11,193,655
11,194,38
11,195,1018
11,196,1284
11,197,2185
11,198,2918
11,199,1
11,200,1136
11,201,187
11,202,268
11,203,846
11,204,99
11,205,1829
11,206,799
11,207,13
11,208,1398
11,209,1503
11,210,1790
11,211,4182
11,212,1365
11,213,2334
11,214,345
11,215,1507
11,216,2752
11,217,1170
11,218,927
11,219,923
11,220,1901
11,221,602
11,222,586
11,223,2575
11,224,1794
11,225,4819
11,226,3496
11,227,1330
11,228,2376
11,229,4787
11,230,7248
11,231,8870
11,232,3160
11,233,4310
11,234,9240
11,235,2938
11,236,6265
11,237,6717
11,238,4826
11,239,5033
11,240,285
11,241,2460
11,242,2188
11,243,3268
11,244,5149
11,245,303
11,246,7511
11,247,2880
11,248,1318
11,249,5164
11,250,1228
11,251,318
11,252,608
11,253,8
11,254,2300
11,255,5163
11,256,4297
11,257,913
11,258,1528
11,259,1451
11,260,2086
11,261,2177
11,262,3530
11,263,4087
11,265,47
12,1,37
12,2,1
12,3,1118
12,4,2948
12,5,126
12,6,254
12,7,5593
12,8,14
12,9,569
12,10,1689
12,11,661
12,12,79
12,13,4060
12,14,3278
12,15,348
12,16,1068
12,17,5702
12,18,2600
12,19,392
12,20,1593
12,21,1803
12,22,2402
12,23,657
12,24,1123
12,25,3726
12,26,5278
12,27,8
12,28,1222
12,29,1344
12,30,9
12,31,116
12,32,1343
12,33,3205
12,34,617
12,35,3521
12,36,4101
12,37,6009
12,38,496
12,39,4322
12,40,1875
12,41,4166
12,42,5487
12,43,1032
12,44,127
12,45,1754
12,46,52
12,47,2084
12,48,7414
12,49,4410
12,50,5616
12,51,1682
12,52,1006
12,53,739
12,54,481
12,55,1129
12,56,1566
12,57,90
12,58,131
12,59,96
12,60,1227
12,61,8911
12,62,2645
12,63,1610
12,64,359
12,65,3308
12,66,3115
12,67,1054
12,68,8044
12,69,3234
12,70,1096
12,71,2345
12,72,3053
12,73,598
12,74,4598
12,75,4764
12,76,5316
12,77,1573
12,78,2273
12,79,10580
12,80,4125
12,81,1292
12,82,3870
12,83,1035
12,84,163
12,85,1890
12,86,862
12,87,4558
12,88,1923
12,89,5313
12,90,5199
12,91,2971
12,92,2655
12,93,133
12,94,1140
12,95,3735
12,96,64
12,97,4577
12,98,581
12,99,10
12,100,5034
12,101,478
12,102,1254
12,106,1605
12,107,7334
12,108,909
12,109,228
12,111,31
12,112,5093
12,113,6752
12,114,5143
12,115,371
12,116,2678
12,117,621
12,118,481
12,119,2132
12,120,49
12,121,1665
12,122,591
12,123,2766
12,124,716
12,125,3710
12,126,1598
12,127,1843
12,128,167
12,129,4440
12,130,3313
12,131,977
12,132,7775
12,133,1277
12,134,1218
12,135,1133
12,136,1524
12,137,5018
12,138,6339
12,139,839
12,140,6175
12,141,5975
12,142,5960
12,143,4801
12,144,6643
12,145,3868
12,146,1503
12,147,1284
12,148,6740
12,149,1862
12,150,643
12,151,2551
12,152,1424
12,153,495
12,154,31
12,155,1788
12,156,482
12,157,1376
12,158,5030
12,159,2648
12,160,1121
12,161,12863
12,162,8863
12,163,7178
12,164,7888
12,165,2727
12,166,4608
12,167,2129
12,168,3048
12,169,2767
12,170,8771
12,171,1060
12,172,246
12,173,1229
12,174,2377
12,175,438
12,176,155
12,177,2382
12,178,1059
12,179,1856
12,180,873
12,181,6890
12,182,1200
12,183,588
12,184,66
12,185,1733
12,186,5374
12,187,264
12,188,4843
12,189,2481
12,190,375
12,191,1351
12,192,752
12,193,710
12,194,42
12,195,1089
12,196,1311
12,197,2260
12,198,3246
12,200,857
12,201,191
12,202,246
12,203,913
12,204,90
12,205,1862
12,206,815
12,207,20
12,208,1341
12,209,1578
12,210,2068
12,211,5358
12,212,1400
12,213,2309
12,214,374
12,215,1486
12,216,2733
12,217,1570
12,218,947
12,219,945
12,220,1923
12,221,588
12,222,632
12,223,2906
12,224,1976
12,225,5133
12,226,3907
12,227,1602
12,228,2647
12,229,5471
12,230,8732
12,231,10824
12,232,3313
12,233,4924
12,234,11931
12,235,2531
12,236,7235
12,237,7999
12,238,5308
12,239,5642
12,240,301
12,241,1989
12,242,2278
12,243,3114
12,244,5186
12,245,369
12,246,8417
12,247,2625
12,248,1327
12,249,6221
12,250,1262
12,251,302
12,252,641
12,253,13
12,254,2364
12,255,5891
12,256,4874
12,257,1060
12,258,1762
12,259,1421
12,260,2171
12,261,2592
12,262,3866
12,263,4507
12,265,51
13,1,45
13,3,1150
13,4,2889
13,5,123
13,6,240
13,7,5349
13,8,10
13,9,568
13,10,1772
13,11,634
13,12,72
13,13,4299
13,14,3148
13,15,376
13,16,1229
13,17,5507
13,18,2807
13,19,449
13,20,1804
13,21,1705
13,22,2375
13,23,867
13,24,1171
13,25,3604
13,26,4547
13,27,11
13,28,1242
13,29,1205
13,30,13
13,31,147
13,32,1392
13,33,3229
13,34,617
13,35,3648
13,36,4443
13,37,6147
13,38,499
13,39,4399
13,40,1827
13,41,4526
13,42,5896
13,43,968
13,44,165
13,45,1723
13,46,86
13,47,2040
13,48,7543
13,49,4382
13,50,4975
13,51,1834
13,52,1032
13,53,748
13,54,492
13,55,1123
13,56,1586
13,57,93
13,58,147
13,59,88
13,60,1310
13,61,8784
13,62,2708
13,63,1569
13,64,371
13,65,3326
13,66,3037
13,67,1088
13,68,7796
13,69,3444
13,70,1214
13,71,2476
13,72,3164
13,73,618
13,74,4806
13,75,4743
13,76,5579
13,77,1523
13,78,2373
13,79,10075
13,80,4164
13,81,1412
13,82,3677
13,83,1063
13,84,184
13,85,1669
13,86,835
13,87,4785
13,88,2237
13,89,5057
13,90,5131
13,91,3065
13,92,2594
13,93,139
13,94,1195
13,95,3790
13,96,64
13,97,4653
13,98,659
13,99,19
13,100,5137
13,101,487
13,102,1381
13,106,1530
13,107,7104
13,108,972
13,109,303
13,110,1
13,111,30
13,112,5040
13,113,6210
13,114,4953
13,115,392
13,116,2950
13,117,620
13,118,533
13,119,2221
13,120,71
13,121,1554
13,122,576
13,123,2451
13,124,731
13,125,3589
13,126,1648
13,127,1980
13,128,184
13,129,4281
13,130,3651
13,131,1000
13,132,9392
13,133,1307
13,134,1299
13,135,1428
13,136,1697
13,137,4873
13,138,9541
13,139,843
13,140,5571
13,141,5795
13,142,5705
13,143,4782
13,144,6530
13,145,3791
13,146,1409
13,147,1337
13,148,6873
13,149,1684
13,150,787
13,151,2454
13,152,1558
13,153,614
13,154,46
13,155,1882
13,156,550
13,157,1354
13,158,4896
13,159,2736
13,160,1144
13,161,12272
13,162,8746
13,163,6280
13,164,7930
13,165,2517
13,166,4089
13,167,2360
13,168,3227
13,169,2795
13,170,8757
13,171,1110
13,172,273
13,173,1122
13,174,2431
13,175,671
13,176,141
13,177,2615
13,178,931
13,179,1900
13,180,805
13,181,6682
13,182,1381
13,183,609
13,184,62
13,185,1852
13,186,5631
13,187,290
13,188,4584
13,189,2410
13,190,377
13,191,1352
13,192,824
13,193,683
13,194,40
13,195,1099
13,196,1418
13,197,2252
13,198,3311
13,200,1339
13,201,174
13,202,272
13,203,900
13,204,109
13,205,1905
13,206,881
13,207,6
13,208,1438
13,209,1771
13,210,1952
13,211,5079
13,212,1412
13,213,2526
13,214,379
13,215,1544
13,216,3025
13,217,1325
13,218,1009
13,219,977
13,220,2093
13,221,599
13,222,637
13,223,2949
13,224,1911
13,225,5423
13,226,3806
13,227,1474
13,228,2576
13,229,5449
13,230,8821
13,231,10573
13,232,3623
13,233,4754
13,234,11248
13,235,2997
13,236,6726
13,237,7270
13,238,5254
13,239,5387
13,240,276
13,241,2577
13,242,2512
13,243,3227
13,244,5235
13,245,342
13,246,7766
13,247,3108
13,248,1422
13,249,6458
13,250,1273
13,251,346
13,252,664
13,253,20
13,254,2448
13,255,5831
13,256,4867
13,257,1024
13,258,1704
13,259,1476
13,260,2109
13,261,2652
13,262,3706
13,263,4419
13,265,54
14,1,42
14,2,1
14,3,1248
14,4,3256
14,5,140
14,6,267
14,7,6341
14,8,21
14,9,635
14,10,1879
14,11,763
14,12,69
14,13,4176
14,14,3667
14,15,452
14,16,1415
14,17,6071
14,18,3005
14,19,456
14,20,2048
14,21,1872
14,22,2189
14,23,932
14,24,1258
14,25,4079
14,26,4087
14,27,8
14,28,1403
14,29,1294
14,30,15
14,31,173
14,32,1497
14,33,3490
14,34,632
14,35,3956
14,36,5289
14,37,6794
14,38,568
14,39,4886
14,40,1925
14,41,4973
14,42,6406
14,43,1055
14,44,174
14,45,1967
14,46,178
14,47,2239
14,48,8661
14,49,4823
14,50,5294
14,51,2332
14,52,1203
14,53,868
14,54,479
14,55,1247
14,56,1731
14,57,99
14,58,136
14,59,108
14,60,1404
14,61,9760
14,62,2879
14,63,1895
14,64,406
14,65,3734
14,66,3143
14,67,1124
14,68,8247
14,69,3792
14,70,1363
14,71,2597
14,72,3440
14,73,706
14,74,5324
14,75,4991
14,76,6166
14,77,1681
14,78,2672
14,79,12029
14,80,4852
14,81,1569
14,82,4193
14,83,1145
14,84,223
14,85,1815
14,86,867
14,87,5029
14,88,2091
14,89,5563
14,90,5260
14,91,3215
14,92,2925
14,93,124
14,94,1341
14,95,4303
14,96,57
14,97,5207
14,98,726
14,99,20
14,100,4928
14,101,502
14,102,1531
14,106,1651
14,107,7590
14,108,911
14,109,288
14,110,1
14,111,30
14,112,5913
14,113,6090
14,114,5188
14,115,483
14,116,3332
14,117,693
14,118,648
14,119,2384
14,120,58
14,121,1820
14,122,660
14,123,2263
14,124,794
14,125,3030
14,126,1748
14,127,2299
14,128,177
14,129,4990
14,130,3995
14,131,1093
14,132,9426
14,133,1379
14,134,1371
14,135,1551
14,136,1990
14,137,5358
14,138,10766
14,139,989
14,140,5790
14,141,6339
14,142,6094
14,143,4879
14,144,6159
14,145,4434
14,146,1611
14,147,1406
14,148,7709
14,149,1750
14,150,886
14,151,2742
14,152,1834
14,153,618
14,154,53
14,155,1991
14,156,633
14,157,1517
14,158,5044
14,159,2947
14,160,1246
14,161,11062
14,162,8310
14,163,6038
14,164,8016
14,165,2431
14,166,4687
14,167,2538
14,168,3665
14,169,3062
14,170,9059
14,171,1220
14,172,327
14,173,1354
14,174,2471
14,175,713
14,176,185
14,177,2714
14,178,877
14,179,2102
14,180,990
14,181,7423
14,182,1465
14,183,695
14,184,83
14,185,1929
14,186,5569
14,187,386
14,188,4822
14,189,2742
14,190,485
14,191,1494
14,192,908
14,193,762
14,194,49
14,195,1351
14,196,1548
14,197,2469
14,198,3598
14,200,1383
14,201,235
14,202,308
14,203,1002
14,204,116
14,205,2109
14,206,1005
14,207,12
14,208,1751
14,209,1863
14,210,2190
14,211,4918
14,212,1531
14,213,2734
14,214,448
14,215,1741
14,216,3310
14,217,1163
14,218,1098
14,219,1059
14,220,2378
14,221,751
14,222,687
14,223,3282
14,224,2241
14,225,5855
14,226,4113
14,227,1595
14,228,2780
14,229,5697
14,230,8583
14,231,9737
14,232,3565
14,233,4995
14,234,10625
14,235,3282
14,236,6917
14,237,7247
14,238,5461
14,239,5963
14,240,358
14,241,2881
14,242,2567
14,243,3872
14,244,5756
14,245,342
14,246,7551
14,247,3290
14,248,1544
14,249,7233
14,250,1473
14,251,416
14,252,770
14,253,20
14,254,2617
14,255,6905
14,256,5677
14,257,1091
14,258,1984
14,259,1684
14,260,2364
14,261,2473
14,262,3949
14,263,4866
14,265,43
