tpep_pickup_datetime,PULocationID,0
1,1,22
1,3,4
1,4,591
1,6,2
1,7,360
1,8,1
1,9,5
1,10,97
1,11,1
1,12,57
1,13,2315
1,14,24
1,15,2
1,16,11
1,17,50
1,18,13
1,19,5
1,20,5
1,21,8
1,22,14
1,24,968
1,25,291
1,26,13
1,28,30
1,29,9
1,31,2
1,32,10
1,33,301
1,34,3
1,35,32
1,36,20
1,37,47
1,38,6
1,39,36
1,40,144
1,41,1245
1,42,586
1,43,3918
1,45,540
1,47,15
1,48,9458
1,49,69
1,50,2363
1,51,24
1,52,171
1,53,8
1,54,9
1,55,4
1,56,15
1,57,2
1,58,1
1,59,1
1,60,9
1,61,86
1,62,27
1,63,8
1,64,3
1,65,312
1,66,114
1,67,7
1,68,6719
1,69,44
1,70,27
1,71,26
1,72,24
1,73,5
1,74,1426
1,75,2548
1,76,61
1,77,17
1,78,21
1,79,7299
1,80,76
1,81,8
1,82,96
1,83,18
1,85,25
1,86,9
1,87,2085
1,88,1071
1,89,46
1,90,5185
1,91,21
1,92,26
1,93,38
1,94,9
1,95,67
1,96,1
1,97,225
1,98,5
1,100,6017
1,101,6
1,102,8
1,105,2
1,106,34
1,107,7157
1,108,5
1,112,80
1,113,4507
1,114,3445
1,115,1
1,116,430
1,117,2
1,118,1
1,119,17
1,120,1
1,121,9
1,122,7
1,123,8
1,124,16
1,125,1630
1,126,7
1,127,25
1,129,132
1,130,40
1,131,8
1,132,6163
1,133,16
1,134,22
1,135,20
1,136,12
1,137,4167
1,138,6079
1,139,11
1,140,6261
1,141,7573
1,142,8947
1,143,3776
1,144,2395
1,145,340
1,146,240
1,147,10
1,148,2731
1,149,9
1,150,2
1,151,2769
1,152,322
1,153,10
1,154,1
1,155,15
1,156,2
1,157,12
1,158,2491
1,159,41
1,160,3
1,161,11524
1,162,10598
1,163,7574
1,164,6764
1,165,17
1,166,1971
1,167,16
1,168,60
1,169,22
1,170,9427
1,171,5
1,173,14
1,174,15
1,175,5
1,177,25
1,178,6
1,179,123
1,180,12
1,181,214
1,182,17
1,183,3
1,185,11
1,186,10153
1,188,53
1,189,45
1,190,5
1,191,17
1,192,3
1,193,218
1,194,12
1,195,4
1,196,29
1,197,45
1,198,10
1,200,6
1,202,10
1,203,11
1,205,25
1,206,3
1,207,18
1,208,5
1,209,578
1,210,14
1,211,2119
1,212,17
1,213,24
1,214,1
1,215,39
1,216,56
1,217,15
1,218,16
1,219,31
1,220,19
1,222,11
1,223,115
1,224,556
1,225,45
1,226,421
1,227,7
1,228,28
1,229,5787
1,230,9516
1,231,5029
1,232,476
1,233,3976
1,234,9418
1,235,32
1,236,13346
1,237,13446
1,238,6488
1,239,8014
1,240,1
1,241,9
1,242,31
1,243,63
1,244,412
1,246,3657
1,247,49
1,248,8
1,249,5435
1,250,11
1,251,1
1,252,1
1,253,1
1,254,21
1,255,164
1,256,131
1,257,9
1,258,6
1,259,15
1,260,118
1,261,1349
1,262,4128
1,263,6215
1,264,7577
1,265,132
2,1,12
2,3,4
2,4,821
2,7,467
2,8,3
2,9,10
2,10,58
2,11,7
2,12,67
2,13,1621
2,14,18
2,15,7
2,16,14
2,17,81
2,18,5
2,19,6
2,20,5
2,21,11
2,22,13
2,23,2
2,24,957
2,25,239
2,26,10
2,28,35
2,29,3
2,31,2
2,32,8
2,33,204
2,34,4
2,35,27
2,36,43
2,37,83
2,38,4
2,39,23
2,40,98
2,41,1167
2,42,483
2,43,3512
2,44,1
2,45,601
2,46,1
2,47,10
2,48,9124
2,49,90
2,50,2362
2,51,16
2,52,108
2,53,2
2,54,9
2,55,13
2,56,21
2,57,1
2,58,1
2,60,8
2,61,99
2,62,21
2,63,7
2,64,2
2,65,247
2,66,99
2,67,5
2,68,6954
2,69,23
2,70,23
2,71,11
2,72,23
2,73,1
2,74,1196
2,75,2003
2,76,50
2,77,8
2,78,5
2,79,11365
2,80,202
2,81,9
2,82,163
2,83,34
2,84,1
2,85,8
2,87,1406
2,88,617
2,89,38
2,90,5578
2,91,19
2,92,17
2,93,29
2,94,4
2,95,49
2,96,1
2,97,272
2,98,4
2,100,4396
2,101,8
2,102,10
2,105,2
2,106,44
2,107,6771
2,108,7
2,111,3
2,112,149
2,113,4634
2,114,5120
2,116,360
2,117,4
2,118,1
2,119,20
2,120,3
2,121,10
2,122,7
2,123,4
2,124,9
2,125,1467
2,126,6
2,127,33
2,128,3
2,129,208
2,130,30
2,131,4
2,132,5054
2,133,14
2,134,19
2,135,11
2,136,8
2,137,3463
2,138,3346
2,139,5
2,140,3891
2,141,7048
2,142,8861
2,143,3408
2,144,3241
2,145,408
2,146,264
2,147,5
2,148,5882
2,149,4
2,150,4
2,151,2764
2,152,324
2,153,3
2,155,13
2,156,1
2,157,20
2,158,3682
2,159,30
2,160,8
2,161,6930
2,162,6218
2,163,5915
2,164,5911
2,165,10
2,166,1404
2,167,6
2,168,80
2,169,10
2,170,6981
2,171,7
2,173,11
2,174,11
2,175,5
2,176,1
2,177,21
2,178,2
2,179,133
2,180,8
2,181,200
2,182,10
2,183,4
2,185,3
2,186,8195
2,188,43
2,189,68
2,190,24
2,191,23
2,192,1
2,193,273
2,194,11
2,195,17
2,196,39
2,197,20
2,198,18
2,200,9
2,201,1
2,202,10
2,203,6
2,205,14
2,206,6
2,207,3
2,208,2
2,209,508
2,210,7
2,211,2694
2,212,12
2,213,14
2,214,1
2,215,29
2,216,37
2,217,22
2,218,18
2,219,27
2,220,6
2,221,2
2,222,8
2,223,107
2,224,783
2,225,50
2,226,418
2,227,11
2,228,29
2,229,4970
2,230,7735
2,231,4062
2,232,534
2,233,2734
2,234,8388
2,235,16
2,236,10055
2,237,9543
2,238,5629
2,239,7860
2,240,1
2,241,9
2,242,12
2,243,52
2,244,273
2,245,2
2,246,3843
2,247,51
2,248,5
2,249,7528
2,250,7
2,251,1
2,252,7
2,254,15
2,255,488
2,256,316
2,257,9
2,258,8
2,259,13
2,260,172
2,261,1223
2,262,3585
2,263,6502
2,264,5207
2,265,155
3,1,15
3,3,4
3,4,664
3,7,478
3,8,4
3,9,3
3,10,96
3,11,8
3,12,57
3,13,1269
3,14,23
3,15,5
3,16,5
3,17,75
3,18,8
3,19,10
3,20,6
3,21,4
3,22,8
3,23,2
3,24,754
3,25,222
3,26,20
3,28,31
3,29,3
3,31,1
3,32,8
3,33,196
3,34,3
3,35,29
3,36,44
3,37,71
3,38,7
3,39,43
3,40,93
3,41,1102
3,42,468
3,43,3031
3,44,2
3,45,497
3,47,10
3,48,7431
3,49,126
3,50,2215
3,51,22
3,52,103
3,53,5
3,54,6
3,55,7
3,56,23
3,57,1
3,58,1
3,60,10
3,61,85
3,62,28
3,63,9
3,64,5
3,65,227
3,66,111
3,67,8
3,68,5906
3,69,35
3,70,29
3,71,27
3,72,29
3,74,1088
3,75,1846
3,76,61
3,77,17
3,78,11
3,79,9394
3,80,165
3,81,10
3,82,114
3,83,24
3,85,21
3,86,9
3,87,1212
3,88,443
3,89,39
3,90,4627
3,91,27
3,92,9
3,93,39
3,94,6
3,95,35
3,97,193
3,98,4
3,100,3400
3,101,6
3,102,5
3,106,36
3,107,5530
3,108,8
3,112,126
3,113,3290
3,114,3980
3,115,1
3,116,350
3,117,5
3,119,20
3,120,1
3,121,13
3,122,7
3,123,4
3,124,8
3,125,1223
3,126,6
3,127,35
3,128,1
3,129,151
3,130,57
3,131,11
3,132,6694
3,133,13
3,134,16
3,135,23
3,136,15
3,137,2898
3,138,5631
3,139,10
3,140,3177
3,141,5854
3,142,6673
3,143,2921
3,144,2706
3,145,332
3,146,220
3,147,12
3,148,5744
3,149,4
3,150,3
3,151,2423
3,152,246
3,153,6
3,154,1
3,155,17
3,157,20
3,158,2816
3,159,23
3,160,4
3,161,4808
3,162,4711
3,163,4493
3,164,4553
3,165,16
3,166,1187
3,167,14
3,168,71
3,169,24
3,170,5494
3,171,2
3,173,17
3,174,11
3,175,2
3,176,1
3,177,20
3,178,3
3,179,137
3,180,3
3,181,221
3,182,14
3,183,1
3,184,1
3,185,4
3,186,6730
3,188,37
3,189,64
3,190,40
3,191,15
3,192,6
3,193,158
3,194,11
3,195,9
3,196,41
3,197,14
3,198,13
3,200,9
3,201,1
3,202,11
3,203,5
3,204,1
3,205,21
3,206,2
3,207,2
3,208,5
3,209,423
3,210,11
3,211,2090
3,212,9
3,213,23
3,215,56
3,216,51
3,217,28
3,218,22
3,219,20
3,220,12
3,222,24
3,223,134
3,224,676
3,225,57
3,226,373
3,227,13
3,228,32
3,229,4145
3,230,5899
3,231,3453
3,232,510
3,233,2465
3,234,5754
3,235,16
3,236,7778
3,237,7057
3,238,5022
3,239,6471
3,240,6
3,241,14
3,242,8
3,243,54
3,244,315
3,246,4175
3,247,56
3,248,7
3,249,5287
3,250,18
3,252,2
3,254,14
3,255,461
3,256,350
3,257,6
3,258,6
3,259,9
3,260,149
3,261,913
3,262,2809
3,263,5341
3,264,2896
3,265,133
4,1,19
4,2,1
4,3,11
4,4,308
4,6,3
4,7,361
4,8,2
4,9,5
4,10,83
4,11,8
4,12,71
4,13,2018
4,14,21
4,15,3
4,16,13
4,17,39
4,18,15
4,19,3
4,20,6
4,21,11
4,22,14
4,23,1
4,24,696
4,25,208
4,26,27
4,28,33
4,29,9
4,32,8
4,33,243
4,34,4
4,35,34
4,36,15
4,37,42
4,38,5
4,39,28
4,40,114
4,41,913
4,42,447
4,43,3327
4,44,1
4,45,422
4,47,9
4,48,6752
4,49,58
4,50,1928
4,51,23
4,52,114
4,53,3
4,54,3
4,55,6
4,56,9
4,59,1
4,60,9
4,61,66
4,62,20
4,63,8
4,64,6
4,65,285
4,66,99
4,67,5
4,68,5190
4,69,39
4,70,25
4,71,17
4,72,29
4,73,2
4,74,954
4,75,1809
4,76,42
4,77,15
4,78,11
4,79,4194
4,80,54
4,81,9
4,82,68
4,83,24
4,84,1
4,85,16
4,86,7
4,87,1664
4,88,953
4,89,51
4,90,3839
4,91,33
4,92,20
4,93,38
4,94,8
4,95,57
4,97,193
4,98,4
4,100,5026
4,101,9
4,102,9
4,106,33
4,107,4946
4,108,4
4,111,1
4,112,44
4,113,3514
4,114,2166
4,115,2
4,116,284
4,117,3
4,118,1
4,119,22
4,120,1
4,121,10
4,122,1
4,123,6
4,124,6
4,125,1265
4,126,7
4,127,28
4,128,4
4,129,127
4,130,37
4,131,8
4,132,6386
4,133,16
4,134,24
4,135,22
4,136,17
4,137,2882
4,138,8114
4,139,11
4,140,5054
4,141,5651
4,142,7086
4,143,2925
4,144,1723
4,145,366
4,146,211
4,147,12
4,148,1470
4,149,6
4,150,10
4,151,2072
4,152,283
4,153,3
4,154,1
4,155,15
4,156,3
4,157,14
4,158,1743
4,159,40
4,160,9
4,161,10166
4,162,9494
4,163,6244
4,164,5371
4,165,20
4,166,1553
4,167,14
4,168,62
4,169,9
4,170,7772
4,171,6
4,172,1
4,173,17
4,174,14
4,175,9
4,177,18
4,178,4
4,179,128
4,180,9
4,181,256
4,182,17
4,183,4
4,184,1
4,185,10
4,186,8585
4,188,45
4,189,43
4,190,8
4,191,13
4,192,6
4,193,218
4,194,11
4,195,8
4,196,26
4,197,30
4,198,7
4,200,11
4,201,2
4,202,8
4,203,10
4,205,19
4,206,1
4,207,12
4,208,14
4,209,422
4,210,16
4,211,1467
4,212,13
4,213,28
4,215,39
4,216,54
4,217,22
4,218,22
4,219,24
4,220,17
4,222,12
4,223,105
4,224,443
4,225,47
4,226,421
4,227,16
4,228,21
4,229,4437
4,230,6920
4,231,3897
4,232,267
4,233,2993
4,234,7187
4,235,17
4,236,10252
4,237,10482
4,238,5134
4,239,5838
4,240,4
4,241,15
4,242,28
4,243,58
4,244,258
4,246,4186
4,247,53
4,248,7
4,249,3504
4,250,9
4,252,6
4,253,1
4,254,23
4,255,86
4,256,79
4,257,18
4,258,10
4,259,15
4,260,127
4,261,1110
4,262,3086
4,263,4389
4,264,2420
4,265,128
5,1,14
5,2,1
5,3,5
5,4,286
5,6,1
5,7,280
5,8,5
5,9,6
5,10,82
5,11,6
5,12,53
5,13,2366
5,14,29
5,15,2
5,16,7
5,17,40
5,18,3
5,19,5
5,20,3
5,21,8
5,22,13
5,23,2
5,24,722
5,25,221
5,26,27
5,27,1
5,28,39
5,29,7
5,31,2
5,32,14
5,33,229
5,34,5
5,35,20
5,36,15
5,37,46
5,38,11
5,39,31
5,40,116
5,41,858
5,42,388
5,43,3827
5,45,539
5,46,1
5,47,12
5,48,7532
5,49,63
5,50,1925
5,51,21
5,52,145
5,53,5
5,54,17
5,55,8
5,56,16
5,58,1
5,60,5
5,61,66
5,62,41
5,63,6
5,64,3
5,65,281
5,66,135
5,67,8
5,68,5607
5,69,36
5,70,29
5,71,25
5,72,27
5,73,3
5,74,850
5,75,1817
5,76,61
5,77,10
5,78,11
5,79,4766
5,80,85
5,81,9
5,82,58
5,83,24
5,85,13
5,86,6
5,87,1848
5,88,1030
5,89,58
5,90,4178
5,91,15
5,92,20
5,93,42
5,94,3
5,95,48
5,96,1
5,97,170
5,98,4
5,100,5672
5,101,11
5,102,9
5,106,27
5,107,5715
5,108,8
5,112,45
5,113,3966
5,114,2488
5,116,265
5,117,2
5,118,3
5,119,13
5,121,17
5,122,4
5,123,15
5,124,15
5,125,1429
5,126,6
5,127,26
5,128,1
5,129,100
5,130,53
5,131,15
5,132,5244
5,133,12
5,134,31
5,135,22
5,136,10
5,137,3100
5,138,7207
5,139,9
5,140,5191
5,141,5852
5,142,7718
5,143,3228
5,144,1970
5,145,356
5,146,211
5,147,8
5,148,1699
5,149,17
5,150,7
5,151,2132
5,152,230
5,153,8
5,154,1
5,155,15
5,156,1
5,157,15
5,158,1758
5,159,34
5,160,6
5,161,12098
5,162,10674
5,163,7133
5,164,5967
5,165,26
5,166,1607
5,167,18
5,168,54
5,169,13
5,170,8500
5,171,8
5,173,8
5,174,7
5,175,9
5,177,15
5,178,3
5,179,116
5,180,5
5,181,160
5,182,14
5,183,9
5,184,1
5,185,9
5,186,8896
5,187,2
5,188,38
5,189,31
5,190,6
5,191,18
5,192,8
5,193,175
5,194,12
5,195,6
5,196,41
5,197,18
5,198,10
5,200,14
5,202,5
5,203,11
5,205,22
5,206,3
5,207,6
5,208,8
5,209,496
5,210,17
5,211,1816
5,212,12
5,213,26
5,215,46
5,216,54
5,217,36
5,218,22
5,219,24
5,220,14
5,222,16
5,223,93
5,224,514
5,225,42
5,226,380
5,227,12
5,228,17
5,229,5071
5,230,8442
5,231,4598
5,232,286
5,233,3520
5,234,8410
5,235,39
5,236,11013
5,237,11924
5,238,5229
5,239,6372
5,240,1
5,241,11
5,242,17
5,243,59
5,244,272
5,245,3
5,246,4131
5,247,37
5,248,5
5,249,4081
5,250,14
5,252,3
5,253,1
5,254,22
5,255,162
5,256,116
5,257,10
5,258,11
5,259,11
5,260,110
5,261,1199
5,262,3192
5,263,4515
5,264,2410
5,265,114
6,1,14
6,3,5
6,4,367
6,6,1
6,7,318
6,8,1
6,9,9
6,10,82
6,11,7
6,12,41
6,13,2487
6,14,36
6,15,4
6,16,6
6,17,67
6,18,8
6,19,3
6,20,4
6,21,13
6,22,26
6,23,1
6,24,747
6,25,246
6,26,34
6,28,37
6,29,7
6,31,1
6,32,13
6,33,295
6,34,3
6,35,27
6,36,16
6,37,42
6,38,15
6,39,25
6,40,148
6,41,895
6,42,387
6,43,3661
6,44,3
6,45,525
6,47,7
6,48,8459
6,49,65
6,50,2171
6,51,21
6,52,148
6,53,7
6,54,8
6,55,8
6,56,12
6,58,3
6,59,2
6,60,3
6,61,68
6,62,25
6,63,5
6,64,6
6,65,300
6,66,132
6,67,13
6,68,6212
6,69,36
6,70,26
6,71,26
6,72,30
6,73,2
6,74,937
6,75,2097
6,76,63
6,77,8
6,78,12
6,79,5503
6,80,65
6,81,9
6,82,51
6,83,16
6,85,15
6,86,5
6,87,2110
6,88,1108
6,89,58
6,90,4687
6,91,44
6,92,19
6,93,32
6,94,7
6,95,62
6,96,2
6,97,210
6,98,6
6,100,5647
6,101,9
6,102,6
6,106,25
6,107,6447
6,108,9
6,112,52
6,113,4309
6,114,2870
6,115,1
6,116,279
6,117,5
6,118,2
6,119,11
6,120,4
6,121,12
6,122,6
6,123,21
6,124,12
6,125,1729
6,126,10
6,127,26
6,128,5
6,129,113
6,130,41
6,131,11
6,132,5148
6,133,14
6,134,28
6,135,18
6,136,11
6,137,3503
6,138,6542
6,139,12
6,140,5946
6,141,6693
6,142,8905
6,143,3532
6,144,2153
6,145,383
6,146,196
6,147,17
6,148,2025
6,149,12
6,150,5
6,151,2191
6,152,241
6,153,5
6,154,2
6,155,22
6,156,1
6,157,13
6,158,2172
6,159,23
6,160,3
6,161,12430
6,162,12074
6,163,8274
6,164,6687
6,165,25
6,166,1810
6,167,19
6,168,49
6,169,14
6,170,9677
6,171,4
6,172,1
6,173,5
6,174,7
6,175,7
6,177,23
6,178,6
6,179,126
6,180,8
6,181,244
6,182,17
6,183,3
6,185,8
6,186,9534
6,188,55
6,189,60
6,190,14
6,191,15
6,192,4
6,193,215
6,194,17
6,195,7
6,196,21
6,197,37
6,198,9
6,200,13
6,201,1
6,202,13
6,203,8
6,205,25
6,207,16
6,208,2
6,209,437
6,210,19
6,211,1932
6,212,10
6,213,21
6,215,45
6,216,55
6,217,31
6,218,17
6,219,30
6,220,19
6,221,2
6,222,12
6,223,127
6,224,485
6,225,34
6,226,372
6,227,15
6,228,20
6,229,5554
6,230,9836
6,231,5072
6,232,380
6,233,3819
6,234,9270
6,235,28
6,236,12098
6,237,13711
6,238,5616
6,239,6782
6,240,1
6,241,8
6,242,17
6,243,49
6,244,279
6,246,4363
6,247,49
6,248,9
6,249,4558
6,250,13
6,254,17
6,255,131
6,256,97
6,257,18
6,258,9
6,259,7
6,260,109
6,261,1320
6,262,3561
6,263,5039
6,264,2763
6,265,138
7,1,20
7,3,7
7,4,403
7,6,2
7,7,339
7,8,4
7,9,4
7,10,96
7,11,5
7,12,61
7,13,2607
7,14,22
7,15,6
7,16,13
7,17,38
7,18,10
7,19,3
7,20,6
7,21,11
7,22,16
7,23,6
7,24,794
7,25,237
7,26,23
7,28,32
7,29,11
7,31,2
7,32,9
7,33,312
7,34,4
7,35,32
7,36,14
7,37,34
7,38,5
7,39,39
7,40,163
7,41,901
7,42,401
7,43,3837
7,44,2
7,45,499
7,47,9
7,48,8292
7,49,85
7,50,2134
7,51,27
7,52,153
7,53,6
7,54,7
7,55,6
7,56,13
7,57,1
7,60,1
7,61,86
7,62,25
7,63,14
7,64,9
7,65,321
7,66,119
7,67,3
7,68,6139
7,69,33
7,70,26
7,71,28
7,72,31
7,73,1
7,74,941
7,75,2033
7,76,65
7,77,16
7,78,20
7,79,5622
7,80,47
7,81,6
7,82,62
7,83,18
7,85,18
7,86,6
7,87,2097
7,88,1197
7,89,67
7,90,4494
7,91,31
7,92,24
7,93,43
7,94,6
7,95,66
7,96,2
7,97,224
7,98,10
7,100,5895
7,101,5
7,102,6
7,106,39
7,107,6574
7,108,10
7,112,44
7,113,4220
7,114,3014
7,115,1
7,116,277
7,117,3
7,118,4
7,119,13
7,120,2
7,121,14
7,122,4
7,123,16
7,124,9
7,125,1699
7,126,7
7,127,22
7,128,2
7,129,111
7,130,46
7,131,13
7,132,5666
7,133,19
7,134,30
7,135,17
7,136,12
7,137,3533
7,138,7036
7,139,10
7,140,5608
7,141,6510
7,142,8560
7,143,3283
7,144,2221
7,145,353
7,146,223
7,147,11
7,148,2195
7,149,13
7,150,4
7,151,2163
7,152,254
7,153,7
7,154,1
7,155,16
7,156,1
7,157,15
7,158,2310
7,159,26
7,160,8
7,161,13181
7,162,11537
7,163,8082
7,164,6407
7,165,27
7,166,1674
7,167,16
7,168,73
7,169,13
7,170,9632
7,171,9
7,173,12
7,174,9
7,175,8
7,176,1
7,177,20
7,178,8
7,179,129
7,180,7
7,181,214
7,182,10
7,183,6
7,184,1
7,185,9
7,186,9052
7,188,43
7,189,51
7,190,7
7,191,17
7,192,8
7,193,172
7,194,13
7,195,6
7,196,28
7,197,22
7,198,11
7,199,1
7,200,13
7,201,2
7,202,8
7,203,12
7,205,20
7,206,1
7,207,18
7,208,8
7,209,545
7,210,20
7,211,2048
7,212,8
7,213,29
7,215,37
7,216,42
7,217,24
7,218,25
7,219,28
7,220,20
7,221,1
7,222,11
7,223,128
7,224,490
7,225,44
7,226,397
7,227,7
7,228,32
7,229,5675
7,230,9411
7,231,5266
7,232,348
7,233,3836
7,234,9120
7,235,16
7,236,11883
7,237,13097
7,238,5570
7,239,6652
7,240,1
7,241,13
7,242,20
7,243,56
7,244,268
7,245,2
7,246,3615
7,247,33
7,248,7
7,249,4839
7,250,8
7,252,5
7,253,1
7,254,12
7,255,114
7,256,110
7,257,16
7,258,13
7,259,6
7,260,111
7,261,1359
7,262,3621
7,263,4919
7,264,2355
7,265,123
8,1,30
8,2,1
8,3,5
8,4,573
8,6,1
8,7,350
8,8,2
8,9,3
8,10,95
8,11,7
8,12,53
8,13,2493
8,14,26
8,15,6
8,16,11
8,17,56
8,18,17
8,19,3
8,20,4
8,21,8
8,22,13
8,23,2
8,24,838
8,25,247
8,26,23
8,28,35
8,29,8
8,31,3
8,32,11
8,33,287
8,34,6
8,35,36
8,36,21
8,37,45
8,38,6
8,39,27
8,40,134
8,41,1110
8,42,529
8,43,4280
8,44,2
8,45,575
8,46,1
8,47,16
8,48,9156
8,49,88
8,50,2297
8,51,24
8,52,164
8,53,4
8,54,6
8,55,10
8,56,19
8,58,1
8,59,1
8,60,9
8,61,75
8,62,24
8,63,14
8,64,3
8,65,357
8,66,149
8,67,10
8,68,6792
8,69,36
8,70,36
8,71,24
8,72,27
8,73,2
8,74,1198
8,75,2248
8,76,72
8,77,12
8,78,19
8,79,7644
8,80,93
8,81,11
8,82,71
8,83,21
8,84,1
8,85,18
8,86,6
8,87,2099
8,88,1119
8,89,63
8,90,4966
8,91,25
8,92,17
8,93,37
8,94,7
8,95,60
8,96,3
8,97,238
8,98,8
8,100,5552
8,101,8
8,102,1
8,106,32
8,107,6778
8,108,5
8,112,71
8,113,4429
8,114,3723
8,116,336
8,117,5
8,119,13
8,120,1
8,121,13
8,122,3
8,123,24
8,124,9
8,125,1834
8,126,11
8,127,17
8,128,2
8,129,120
8,130,42
8,131,12
8,132,6304
8,133,14
8,134,25
8,135,13
8,136,22
8,137,3820
8,138,6843
8,139,17
8,140,5615
8,141,7009
8,142,9016
8,143,3582
8,144,2810
8,145,301
8,146,225
8,147,11
8,148,3427
8,149,16
8,150,6
8,151,2552
8,152,290
8,153,13
8,154,2
8,155,15
8,156,1
8,157,15
8,158,2948
8,159,39
8,160,4
8,161,11835
8,162,10454
8,163,7807
8,164,6694
8,165,17
8,166,1608
8,167,7
8,168,62
8,169,12
8,170,9161
8,171,9
8,173,6
8,174,13
8,175,7
8,177,26
8,178,5
8,179,150
8,180,9
8,181,217
8,182,28
8,183,7
8,184,1
8,185,11
8,186,9792
8,188,40
8,189,62
8,190,12
8,191,19
8,192,3
8,193,193
8,194,9
8,195,13
8,196,38
8,197,24
8,198,12
8,200,2
8,201,1
8,202,10
8,203,13
8,205,32
8,206,1
8,207,14
8,208,6
8,209,595
8,210,19
8,211,2293
8,212,9
8,213,32
8,215,33
8,216,53
8,217,15
8,218,23
8,219,30
8,220,16
8,221,1
8,222,14
8,223,107
8,224,536
8,225,72
8,226,401
8,227,11
8,228,27
8,229,5425
8,230,9423
8,231,5345
8,232,485
8,233,3904
8,234,9178
8,235,26
8,236,12299
8,237,12550
8,238,5839
8,239,7572
8,240,1
8,241,7
8,242,23
8,243,41
8,244,335
8,246,3665
8,247,54
8,248,6
8,249,5827
8,250,7
8,251,2
8,252,7
8,253,1
8,254,20
8,255,218
8,256,156
8,257,13
8,258,10
8,259,13
8,260,141
8,261,1475
8,262,3701
8,263,5749
8,264,2509
8,265,130
9,1,14
9,3,5
9,4,891
9,7,428
9,8,1
9,9,6
9,10,73
9,11,1
9,12,81
9,13,1860
9,14,12
9,16,5
9,17,52
9,18,7
9,19,6
9,20,3
9,21,9
9,22,6
9,23,1
9,24,836
9,25,235
9,26,10
9,28,22
9,29,3
9,31,3
9,32,4
9,33,195
9,34,7
9,35,31
9,36,53
9,37,80
9,38,9
9,39,19
9,40,99
9,41,1142
9,42,427
9,43,4050
9,44,1
9,45,589
9,47,12
9,48,9425
9,49,102
9,50,3557
9,51,9
9,52,123
9,53,3
9,54,8
9,56,25
9,59,2
9,60,6
9,61,95
9,62,21
9,63,6
9,64,3
9,65,282
9,66,99
9,67,4
9,68,7227
9,69,24
9,70,29
9,71,9
9,72,20
9,73,1
9,74,997
9,75,1913
9,76,43
9,77,11
9,78,4
9,79,11634
9,80,201
9,81,12
9,82,102
9,83,48
9,85,17
9,86,4
9,87,1781
9,88,735
9,89,45
9,90,5570
9,91,21
9,92,24
9,93,36
9,94,10
9,95,39
9,97,243
9,98,4
9,100,4799
9,101,2
9,102,4
9,105,1
9,106,50
9,107,6985
9,108,2
9,112,153
9,113,4540
9,114,5172
9,115,1
9,116,319
9,117,6
9,119,11
9,120,4
9,121,10
9,122,2
9,123,10
9,124,7
9,125,1652
9,126,4
9,127,24
9,128,2
9,129,167
9,130,31
9,131,9
9,132,4923
9,133,9
9,134,20
9,135,15
9,136,12
9,137,3437
9,138,3659
9,139,4
9,140,3852
9,141,7181
9,142,8970
9,143,3336
9,144,3711
9,145,338
9,146,304
9,147,3
9,148,6983
9,149,4
9,150,1
9,151,2725
9,152,267
9,153,5
9,155,14
9,157,21
9,158,3931
9,159,23
9,160,7
9,161,8099
9,162,6448
9,163,6911
9,164,6365
9,165,17
9,166,1377
9,167,12
9,168,48
9,169,11
9,170,6996
9,171,6
9,173,10
9,174,6
9,175,5
9,177,15
9,178,4
9,179,130
9,180,8
9,181,259
9,182,10
9,183,2
9,184,1
9,185,5
9,186,9186
9,188,54
9,189,76
9,190,12
9,191,13
9,192,3
9,193,186
9,194,9
9,195,14
9,196,31
9,197,21
9,198,11
9,200,5
9,201,3
9,202,16
9,203,7
9,205,17
9,206,1
9,207,2
9,208,2
9,209,527
9,210,16
9,211,2774
9,212,9
9,213,18
9,215,26
9,216,38
9,217,26
9,218,13
9,219,25
9,220,2
9,222,11
9,223,89
9,224,825
9,225,43
9,226,475
9,227,6
9,228,30
9,229,5142
9,230,8864
9,231,4575
9,232,634
9,233,2785
9,234,8781
9,235,23
9,236,10027
9,237,10241
9,238,5406
9,239,7973
9,241,8
9,242,13
9,243,51
9,244,244
9,245,1
9,246,3885
9,247,33
9,248,5
9,249,7705
9,250,7
9,252,3
9,253,2
9,254,12
9,255,437
9,256,296
9,257,10
9,258,8
9,259,7
9,260,152
9,261,1479
9,262,3293
9,263,6194
9,264,3076
9,265,113
10,1,23
10,2,2
10,3,10
10,4,689
10,7,380
10,8,1
10,9,1
10,10,90
10,11,3
10,12,61
10,13,1367
10,14,23
10,15,3
10,16,3
10,17,79
10,18,11
10,19,6
10,20,2
10,21,6
10,22,9
10,24,723
10,25,184
10,26,22
10,28,26
10,29,4
10,32,7
10,33,142
10,34,3
10,35,33
10,36,50
10,37,63
10,38,3
10,39,25
10,40,92
10,41,948
10,42,403
10,43,2845
10,44,1
10,45,495
10,46,1
10,47,14
10,48,7306
10,49,99
10,50,1769
10,51,21
10,52,94
10,53,3
10,54,3
10,55,3
10,56,18
10,58,1
10,60,7
10,61,95
10,62,20
10,63,7
10,64,2
10,65,203
10,66,79
10,67,2
10,68,5999
10,69,27
10,70,32
10,71,20
10,72,37
10,73,3
10,74,886
10,75,1583
10,76,59
10,77,16
10,78,5
10,79,9679
10,80,165
10,81,16
10,82,78
10,83,33
10,85,21
10,86,4
10,87,1216
10,88,554
10,89,43
10,90,4332
10,91,22
10,92,15
10,93,33
10,94,9
10,95,47
10,97,204
10,98,6
10,100,3729
10,101,1
10,102,5
10,106,26
10,107,5123
10,108,4
10,109,2
10,112,147
10,113,3531
10,114,4058
10,116,257
10,117,3
10,119,16
10,120,2
10,121,12
10,122,7
10,123,9
10,124,5
10,125,1370
10,126,4
10,127,19
10,128,2
10,129,138
10,130,36
10,131,13
10,132,6780
10,133,21
10,134,19
10,135,16
10,136,15
10,137,2583
10,138,6328
10,139,6
10,140,2884
10,141,5270
10,142,6759
10,143,2464
10,144,2882
10,145,298
10,146,251
10,147,11
10,148,5823
10,149,6
10,150,1
10,151,2230
10,152,234
10,153,7
10,154,1
10,155,13
10,157,15
10,158,3463
10,159,23
10,160,2
10,161,6110
10,162,5093
10,163,5301
10,164,4723
10,165,5
10,166,1137
10,167,15
10,168,55
10,169,13
10,170,5540
10,171,7
10,173,17
10,174,3
10,175,3
10,177,19
10,178,3
10,179,117
10,180,7
10,181,232
10,182,12
10,183,4
10,184,2
10,185,3
10,186,8205
10,187,3
10,188,57
10,189,65
10,190,13
10,191,11
10,192,4
10,193,117
10,194,18
10,195,14
10,196,22
10,197,18
10,198,12
10,200,10
10,202,9
10,203,11
10,205,24
10,206,1
10,207,3
10,208,2
10,209,476
10,210,8
10,211,2164
10,212,8
10,213,22
10,214,1
10,215,36
10,216,54
10,217,26
10,218,21
10,219,24
10,220,14
10,222,18
10,223,101
10,224,532
10,225,75
10,226,424
10,227,10
10,228,42
10,229,3822
10,230,7133
10,231,3620
10,232,539
10,233,2147
10,234,6201
10,235,17
10,236,7399
10,237,7020
10,238,4439
10,239,6134
10,240,1
10,241,8
10,242,10
10,243,49
10,244,223
10,246,2920
10,247,32
10,248,4
10,249,5723
10,250,10
10,252,3
10,254,22
10,255,323
10,256,236
10,257,11
10,258,9
10,259,13
10,260,161
10,261,1088
10,262,2418
10,263,4746
10,264,2698
10,265,136
11,1,22
11,3,5
11,4,278
11,7,286
11,8,2
11,9,7
11,10,110
11,11,12
11,12,47
11,13,2165
11,14,21
11,15,7
11,16,11
11,17,48
11,18,4
11,19,11
11,20,6
11,21,16
11,22,15
11,23,3
11,24,653
11,25,193
11,26,31
11,28,34
11,29,7
11,32,12
11,33,228
11,34,2
11,35,40
11,36,13
11,37,33
11,38,7
11,39,33
11,40,100
11,41,767
11,42,331
11,43,3209
11,44,1
11,45,476
11,47,6
11,48,6755
11,49,46
11,50,2452
11,51,22
11,52,144
11,53,8
11,54,3
11,55,13
11,56,13
11,60,2
11,61,66
11,62,30
11,63,7
11,64,3
11,65,266
11,66,104
11,67,7
11,68,5072
11,69,23
11,70,36
11,71,29
11,72,39
11,73,1
11,74,880
11,75,1820
11,76,51
11,77,10
11,78,15
11,79,4080
11,80,66
11,81,11
11,82,60
11,83,26
11,85,18
11,86,9
11,87,1579
11,88,897
11,89,55
11,90,3755
11,91,33
11,92,22
11,93,34
11,94,3
11,95,55
11,96,1
11,97,168
11,98,5
11,100,5207
11,101,5
11,102,7
11,105,1
11,106,24
11,107,4928
11,108,4
11,112,25
11,113,3515
11,114,2269
11,115,1
11,116,250
11,117,4
11,118,1
11,119,15
11,120,2
11,121,18
11,122,5
11,123,16
11,124,12
11,125,1486
11,126,8
11,127,26
11,128,3
11,129,111
11,130,50
11,131,7
11,132,7043
11,133,20
11,134,20
11,135,28
11,136,8
11,137,2826
11,138,7762
11,139,14
11,140,5027
11,141,5657
11,142,6910
11,143,2930
11,144,1783
11,145,339
11,146,205
11,147,7
11,148,1503
11,149,15
11,150,3
11,151,2023
11,152,224
11,153,6
11,154,1
11,155,14
11,157,17
11,158,1892
11,159,42
11,160,4
11,161,11246
11,162,9872
11,163,6700
11,164,5222
11,165,22
11,166,1401
11,167,12
11,168,59
11,169,11
11,170,7825
11,171,5
11,173,13
11,174,19
11,175,6
11,177,15
11,178,3
11,179,129
11,180,12
11,181,152
11,182,16
11,183,4
11,184,1
11,185,9
11,186,8957
11,188,45
11,189,36
11,190,4
11,191,22
11,192,9
11,193,173
11,194,9
11,195,11
11,196,28
11,197,34
11,198,11
11,200,10
11,201,1
11,202,11
11,203,8
11,205,25
11,206,1
11,207,7
11,208,5
11,209,445
11,210,17
11,211,1536
11,212,11
11,213,25
11,215,38
11,216,50
11,217,21
11,218,34
11,219,25
11,220,17
11,222,8
11,223,89
11,224,419
11,225,37
11,226,334
11,227,12
11,228,30
11,229,4475
11,230,7665
11,231,4284
11,232,281
11,233,2972
11,234,7204
11,235,25
11,236,10457
11,237,11104
11,238,4996
11,239,5888
11,240,3
11,241,8
11,242,18
11,243,39
11,244,253
11,246,2946
11,247,37
11,248,4
11,249,3628
11,250,14
11,251,1
11,252,3
11,254,26
11,255,78
11,256,68
11,257,13
11,258,6
11,259,8
11,260,97
11,261,1131
11,262,3125
11,263,4235
11,264,2517
11,265,138
12,1,15
12,3,6
12,4,304
12,6,1
12,7,288
12,8,13
12,9,4
12,10,65
12,11,3
12,12,35
12,13,2151
12,14,30
12,15,2
12,16,7
12,17,33
12,18,12
12,19,8
12,20,11
12,21,9
12,22,11
12,23,3
12,24,676
12,25,198
12,26,26
12,28,30
12,29,7
12,31,2
12,32,6
12,33,224
12,34,2
12,35,27
12,36,9
12,37,30
12,38,5
12,39,25
12,40,99
12,41,789
12,42,356
12,43,3210
12,44,1
12,45,354
12,47,11
12,48,6977
12,49,60
12,50,2624
12,51,15
12,52,130
12,53,5
12,54,4
12,55,7
12,56,11
12,57,1
12,59,1
12,60,10
12,61,70
12,62,19
12,63,4
12,64,5
12,65,211
12,66,78
12,67,6
12,68,5278
12,69,20
12,70,18
12,71,29
12,72,22
12,73,1
12,74,743
12,75,1871
12,76,50
12,77,15
12,78,12
12,79,4367
12,80,45
12,81,10
12,82,53
12,83,23
12,85,12
12,86,5
12,87,1607
12,88,937
12,89,45
12,90,3912
12,91,33
12,92,14
12,93,32
12,94,5
12,95,49
12,97,166
12,98,6
12,100,5048
12,101,5
12,102,5
12,106,22
12,107,5271
12,108,3
12,112,39
12,113,3696
12,114,2347
12,116,234
12,117,3
12,118,2
12,119,6
12,121,13
12,122,6
12,123,14
12,124,8
12,125,1476
12,126,6
12,127,18
12,128,3
12,129,80
12,130,40
12,131,11
12,132,4729
12,133,14
12,134,18
12,135,14
12,136,12
12,137,3165
12,138,4678
12,139,9
12,140,5438
12,141,5484
12,142,7608
12,143,2878
12,144,1812
12,145,336
12,146,163
12,147,4
12,148,1487
12,149,4
12,150,5
12,151,1933
12,152,209
12,153,8
12,154,1
12,155,11
12,156,1
12,157,14
12,158,1827
12,159,21
12,160,2
12,161,11817
12,162,10761
12,163,7084
12,164,5571
12,165,14
12,166,1577
12,167,10
12,168,44
12,169,14
12,170,8383
12,171,3
12,173,6
12,174,11
12,175,4
12,177,7
12,178,6
12,179,111
12,180,8
12,181,138
12,182,10
12,183,2
12,185,5
12,186,9151
12,188,47
12,189,38
12,190,7
12,191,19
12,192,5
12,193,173
12,194,7
12,195,4
12,196,21
12,197,29
12,198,7
12,200,3
12,202,9
12,203,8
12,205,21
12,206,1
12,207,19
12,208,7
12,209,405
12,210,12
12,211,1603
12,212,7
12,213,20
12,215,19
12,216,38
12,217,15
12,218,11
12,219,22
12,220,11
12,222,9
12,223,69
12,224,465
12,225,32
12,226,329
12,227,8
12,228,13
12,229,4642
12,230,9049
12,231,4166
12,232,262
12,233,3396
12,234,7858
12,235,4
12,236,10564
12,237,11165
12,238,4647
12,239,6026
12,240,2
12,241,14
12,242,30
12,243,36
12,244,260
12,246,2904
12,247,27
12,248,6
12,249,3804
12,250,8
12,252,5
12,254,10
12,255,75
12,256,72
12,257,6
12,258,14
12,259,8
12,260,89
12,261,1163
12,262,3046
12,263,4237
12,264,2219
12,265,88
13,1,18
13,3,4
13,4,355
13,5,2
13,6,1
13,7,311
13,9,7
13,10,75
13,11,7
13,12,69
13,13,2540
13,14,35
13,15,4
13,16,9
13,17,41
13,18,8
13,19,7
13,20,3
13,21,15
13,22,19
13,24,727
13,25,272
13,26,24
13,28,22
13,29,13
13,31,1
13,32,7
13,33,270
13,34,4
13,35,38
13,36,20
13,37,42
13,38,8
13,39,25
13,40,130
13,41,932
13,42,445
13,43,3644
13,45,434
13,47,11
13,48,7834
13,49,62
13,50,1998
13,51,16
13,52,156
13,53,4
13,54,11
13,55,11
13,56,20
13,57,1
13,59,2
13,60,1
13,61,76
13,62,22
13,63,7
13,65,288
13,66,88
13,67,9
13,68,5798
13,69,31
13,70,40
13,71,19
13,72,33
13,73,3
13,74,966
13,75,2074
13,76,64
13,77,11
13,78,16
13,79,5094
13,80,51
13,81,5
13,82,60
13,83,21
13,85,14
13,86,5
13,87,2019
13,88,1127
13,89,50
13,90,4597
13,91,38
13,92,23
13,93,32
13,94,9
13,95,63
13,96,1
13,97,201
13,98,5
13,100,5803
13,101,8
13,102,7
13,106,31
13,107,6129
13,108,10
13,112,66
13,113,4251
13,114,2878
13,116,258
13,117,1
13,119,21
13,120,2
13,121,21
13,122,8
13,123,21
13,124,9
13,125,1628
13,126,10
13,127,21
13,128,4
13,129,82
13,130,50
13,131,11
13,132,6109
13,133,22
13,134,35
13,135,24
13,136,14
13,137,3152
13,138,7273
13,139,12
13,140,5467
13,141,6341
13,142,8272
13,143,3305
13,144,2169
13,145,335
13,146,149
13,147,9
13,148,2039
13,149,11
13,150,8
13,151,2272
13,152,241
13,153,10
13,155,15
13,157,15
13,158,2163
13,159,31
13,160,7
13,161,12789
13,162,11314
13,163,7387
13,164,6280
13,165,19
13,166,1603
13,167,6
13,168,48
13,169,11
13,170,9066
13,171,6
13,173,8
13,174,11
13,175,11
13,177,27
13,178,6
13,179,137
13,180,9
13,181,191
13,182,18
13,184,1
13,185,9
13,186,9510
13,188,56
13,189,48
13,190,9
13,191,23
13,192,9
13,193,191
13,194,17
13,195,11
13,196,23
13,197,30
13,198,7
13,200,6
13,201,3
13,202,6
13,203,14
13,205,18
13,206,2
13,207,13
13,208,7
13,209,482
13,210,16
13,211,1911
13,212,8
13,213,26
13,214,2
13,215,30
13,216,50
13,217,23
13,218,18
13,219,38
13,220,19
13,222,11
13,223,126
13,224,455
13,225,42
13,226,355
13,227,10
13,228,23
13,229,5213
13,230,9547
13,231,5065
13,232,368
13,233,3612
13,234,9075
13,235,20
13,236,12123
13,237,12477
13,238,5684
13,239,6770
13,240,2
13,241,8
13,242,27
13,243,48
13,244,301
13,246,3261
13,247,40
13,248,7
13,249,4559
13,250,13
13,251,1
13,252,6
13,253,1
13,254,22
13,255,106
13,256,89
13,257,9
13,258,11
13,259,12
13,260,125
13,261,1307
13,262,3342
13,263,4917
13,264,2093
13,265,118
14,1,13
14,2,1
14,3,5
14,4,401
14,6,2
14,7,359
14,8,2
14,9,11
14,10,111
14,11,5
14,12,69
14,13,2335
14,14,29
14,15,3
14,16,18
14,17,44
14,18,11
14,19,7
14,20,5
14,21,17
14,22,33
14,23,1
14,24,865
14,25,249
14,26,28
14,28,40
14,29,5
14,31,1
14,32,13
14,33,299
14,34,9
14,35,29
14,36,13
14,37,48
14,38,6
14,39,35
14,40,135
14,41,1109
14,42,530
14,43,3831
14,44,1
14,45,570
14,46,1
14,47,13
14,48,8610
14,49,76
14,50,2232
14,51,28
14,52,152
14,53,6
14,54,3
14,55,10
14,56,18
14,59,1
14,60,7
14,61,95
14,62,27
14,63,8
14,64,1
14,65,335
14,66,144
14,67,9
14,68,5977
14,69,32
14,70,27
14,71,27
14,72,25
14,73,4
14,74,1119
14,75,2274
14,76,68
14,77,20
14,78,20
14,79,6144
14,80,61
14,81,11
14,82,66
14,83,27
14,85,22
14,86,8
14,87,1992
14,88,1133
14,89,59
14,90,4564
14,91,25
14,92,19
14,93,30
14,94,7
14,95,75
14,96,2
14,97,246
14,98,5
14,100,5705
14,101,7
14,102,8
14,106,40
14,107,6457
14,108,7
14,109,1
14,111,2
14,112,68
14,113,4279
14,114,3011
14,115,1
14,116,318
14,117,3
14,119,18
14,120,1
14,121,11
14,122,9
14,123,18
14,124,14
14,125,1469
14,126,12
14,127,34
14,128,4
14,129,102
14,130,42
14,131,9
14,132,6024
14,133,14
14,134,28
14,135,25
14,136,13
14,137,3708
14,138,6615
14,139,12
14,140,5641
14,141,6600
14,142,8568
14,143,3498
14,144,2210
14,145,384
14,146,203
14,147,5
14,148,2311
14,149,11
14,150,9
14,151,2325
14,152,287
14,153,11
14,154,2
14,155,16
14,156,1
14,157,21
14,158,2249
14,159,35
14,160,5
14,161,11724
14,162,10322
14,163,7364
14,164,6161
14,165,27
14,166,1805
14,167,18
14,168,72
14,169,17
14,170,8902
14,171,7
14,173,14
14,174,15
14,175,10
14,177,13
14,178,5
14,179,117
14,180,8
14,181,204
14,182,20
14,183,7
14,184,1
14,185,13
14,186,8863
14,187,1
14,188,49
14,189,58
14,190,10
14,191,16
14,192,12
14,193,198
14,194,8
14,195,14
14,196,42
14,197,37
14,198,8
14,200,10
14,201,1
14,202,10
14,203,11
14,205,25
14,207,16
14,208,8
14,209,597
14,210,19
14,211,1908
14,212,13
14,213,28
14,215,30
14,216,59
14,217,29
14,218,26
14,219,32
14,220,19
14,222,10
14,223,132
14,224,530
14,225,39
14,226,392
14,227,16
14,228,23
14,229,5364
14,230,9253
14,231,4796
14,232,341
14,233,3699
14,234,8300
14,235,23
14,236,11654
14,237,12658
14,238,5697
14,239,7030
14,240,1
14,241,18
14,242,25
14,243,42
14,244,343
14,246,3592
14,247,39
14,248,8
14,249,5075
14,250,10
14,251,1
14,252,5
14,253,1
14,254,22
14,255,166
14,256,120
14,257,15
14,258,10
14,259,6
14,260,131
14,261,1259
14,262,3682
14,263,5182
14,264,2378
14,265,115
